style_id,category_id,tab_id,gender,region,pipeline,prompt_command
men_beard_01,beard_styles,,men,beard,men,COMMAND: style_ref=men_beard_01 | category=beard_styles | pipeline=men | region=beard | Change ONLY the facial hair/beard to match reference image 2.
men_beard_02,beard_styles,,men,beard,men,COMMAND: style_ref=men_beard_02 | category=beard_styles | pipeline=men | region=beard | Change ONLY the facial hair/beard to match reference image 2.
men_beard_03,beard_styles,,men,beard,men,COMMAND: style_ref=men_beard_03 | category=beard_styles | pipeline=men | region=beard | Change ONLY the facial hair/beard to match reference image 2.
men_beard_04,beard_styles,,men,beard,men,COMMAND: style_ref=men_beard_04 | category=beard_styles | pipeline=men | region=beard | Change ONLY the facial hair/beard to match reference image 2.
men_beard_05,beard_styles,,men,beard,men,COMMAND: style_ref=men_beard_05 | category=beard_styles | pipeline=men | region=beard | Change ONLY the facial hair/beard to match reference image 2.
men_beard_06,beard_styles,,men,beard,men,COMMAND: style_ref=men_beard_06 | category=beard_styles | pipeline=men | region=beard | Change ONLY the facial hair/beard to match reference image 2.
men_beard_07,beard_styles,,men,beard,men,COMMAND: style_ref=men_beard_07 | category=beard_styles | pipeline=men | region=beard | Change ONLY the facial hair/beard to match reference image 2.
men_beard_08,beard_styles,,men,beard,men,COMMAND: style_ref=men_beard_08 | category=beard_styles | pipeline=men | region=beard | Change ONLY the facial hair/beard to match reference image 2.
men_beard_09,beard_styles,,men,beard,men,COMMAND: style_ref=men_beard_09 | category=beard_styles | pipeline=men | region=beard | Change ONLY the facial hair/beard to match reference image 2.
men_beard_10,beard_styles,,men,beard,men,COMMAND: style_ref=men_beard_10 | category=beard_styles | pipeline=men | region=beard | Change ONLY the facial hair/beard to match reference image 2.
couple_01,couple_duo,,,outfit,neutral,COMMAND: style_ref=couple_01 | category=couple_duo | pipeline=neutral | region=outfit | Apply the couple/duo coordinated outfit look from reference image 2.
couple_02,couple_duo,,,outfit,neutral,COMMAND: style_ref=couple_02 | category=couple_duo | pipeline=neutral | region=outfit | Apply the couple/duo coordinated outfit look from reference image 2.
couple_03,couple_duo,,,outfit,neutral,COMMAND: style_ref=couple_03 | category=couple_duo | pipeline=neutral | region=outfit | Apply the couple/duo coordinated outfit look from reference image 2.
couple_04,couple_duo,,,outfit,neutral,COMMAND: style_ref=couple_04 | category=couple_duo | pipeline=neutral | region=outfit | Apply the couple/duo coordinated outfit look from reference image 2.
couple_05,couple_duo,,,outfit,neutral,COMMAND: style_ref=couple_05 | category=couple_duo | pipeline=neutral | region=outfit | Apply the couple/duo coordinated outfit look from reference image 2.
couple_06,couple_duo,,,outfit,neutral,COMMAND: style_ref=couple_06 | category=couple_duo | pipeline=neutral | region=outfit | Apply the couple/duo coordinated outfit look from reference image 2.
couple_07,couple_duo,,,outfit,neutral,COMMAND: style_ref=couple_07 | category=couple_duo | pipeline=neutral | region=outfit | Apply the couple/duo coordinated outfit look from reference image 2.
couple_08,couple_duo,,,outfit,neutral,COMMAND: style_ref=couple_08 | category=couple_duo | pipeline=neutral | region=outfit | Apply the couple/duo coordinated outfit look from reference image 2.
couple_09,couple_duo,,,outfit,neutral,COMMAND: style_ref=couple_09 | category=couple_duo | pipeline=neutral | region=outfit | Apply the couple/duo coordinated outfit look from reference image 2.
couple_10,couple_duo,,,outfit,neutral,COMMAND: style_ref=couple_10 | category=couple_duo | pipeline=neutral | region=outfit | Apply the couple/duo coordinated outfit look from reference image 2.
couple_11,couple_duo,,,outfit,neutral,COMMAND: style_ref=couple_11 | category=couple_duo | pipeline=neutral | region=outfit | Apply the couple/duo coordinated outfit look from reference image 2.
men_hair_color_01,hair_color,men,men,hair_color,men,COMMAND: style_ref=men_hair_color_01 | category=hair_color | pipeline=men | region=hair_color | Change ONLY the hair color to match reference image 2.
men_hair_color_02,hair_color,men,men,hair_color,men,COMMAND: style_ref=men_hair_color_02 | category=hair_color | pipeline=men | region=hair_color | Change ONLY the hair color to match reference image 2.
men_hair_color_03,hair_color,men,men,hair_color,men,COMMAND: style_ref=men_hair_color_03 | category=hair_color | pipeline=men | region=hair_color | Change ONLY the hair color to match reference image 2.
men_hair_color_04,hair_color,men,men,hair_color,men,COMMAND: style_ref=men_hair_color_04 | category=hair_color | pipeline=men | region=hair_color | Change ONLY the hair color to match reference image 2.
men_hair_color_05,hair_color,men,men,hair_color,men,COMMAND: style_ref=men_hair_color_05 | category=hair_color | pipeline=men | region=hair_color | Change ONLY the hair color to match reference image 2.
men_hair_color_06,hair_color,men,men,hair_color,men,COMMAND: style_ref=men_hair_color_06 | category=hair_color | pipeline=men | region=hair_color | Change ONLY the hair color to match reference image 2.
men_hair_color_07,hair_color,men,men,hair_color,men,COMMAND: style_ref=men_hair_color_07 | category=hair_color | pipeline=men | region=hair_color | Change ONLY the hair color to match reference image 2.
men_hair_color_08,hair_color,men,men,hair_color,men,COMMAND: style_ref=men_hair_color_08 | category=hair_color | pipeline=men | region=hair_color | Change ONLY the hair color to match reference image 2.
men_hair_color_09,hair_color,men,men,hair_color,men,COMMAND: style_ref=men_hair_color_09 | category=hair_color | pipeline=men | region=hair_color | Change ONLY the hair color to match reference image 2.
men_hair_color_10,hair_color,men,men,hair_color,men,COMMAND: style_ref=men_hair_color_10 | category=hair_color | pipeline=men | region=hair_color | Change ONLY the hair color to match reference image 2.
women_hair_color_01,hair_color,women,women,hair_color,women,COMMAND: style_ref=women_hair_color_01 | category=hair_color | pipeline=women | region=hair_color | Change ONLY the hair color to match reference image 2.
women_hair_color_02,hair_color,women,women,hair_color,women,COMMAND: style_ref=women_hair_color_02 | category=hair_color | pipeline=women | region=hair_color | Change ONLY the hair color to match reference image 2.
women_hair_color_03,hair_color,women,women,hair_color,women,COMMAND: style_ref=women_hair_color_03 | category=hair_color | pipeline=women | region=hair_color | Change ONLY the hair color to match reference image 2.
women_hair_color_04,hair_color,women,women,hair_color,women,COMMAND: style_ref=women_hair_color_04 | category=hair_color | pipeline=women | region=hair_color | Change ONLY the hair color to match reference image 2.
women_hair_color_05,hair_color,women,women,hair_color,women,COMMAND: style_ref=women_hair_color_05 | category=hair_color | pipeline=women | region=hair_color | Change ONLY the hair color to match reference image 2.
women_hair_color_06,hair_color,women,women,hair_color,women,COMMAND: style_ref=women_hair_color_06 | category=hair_color | pipeline=women | region=hair_color | Change ONLY the hair color to match reference image 2.
women_hair_color_07,hair_color,women,women,hair_color,women,COMMAND: style_ref=women_hair_color_07 | category=hair_color | pipeline=women | region=hair_color | Change ONLY the hair color to match reference image 2.
women_hair_color_08,hair_color,women,women,hair_color,women,COMMAND: style_ref=women_hair_color_08 | category=hair_color | pipeline=women | region=hair_color | Change ONLY the hair color to match reference image 2.
women_hair_color_09,hair_color,women,women,hair_color,women,COMMAND: style_ref=women_hair_color_09 | category=hair_color | pipeline=women | region=hair_color | Change ONLY the hair color to match reference image 2.
women_hair_color_10,hair_color,women,women,hair_color,women,COMMAND: style_ref=women_hair_color_10 | category=hair_color | pipeline=women | region=hair_color | Change ONLY the hair color to match reference image 2.
men_hair_styles_01,hair_styles,men,men,hair_style,men,COMMAND: style_ref=men_hair_styles_01 | category=hair_styles | pipeline=men | region=hair_style | Change ONLY the hairstyle (cut/shape) to match reference image 2.
men_hair_styles_02,hair_styles,men,men,hair_style,men,COMMAND: style_ref=men_hair_styles_02 | category=hair_styles | pipeline=men | region=hair_style | Change ONLY the hairstyle (cut/shape) to match reference image 2.
men_hair_styles_03,hair_styles,men,men,hair_style,men,COMMAND: style_ref=men_hair_styles_03 | category=hair_styles | pipeline=men | region=hair_style | Change ONLY the hairstyle (cut/shape) to match reference image 2.
men_hair_styles_04,hair_styles,men,men,hair_style,men,COMMAND: style_ref=men_hair_styles_04 | category=hair_styles | pipeline=men | region=hair_style | Change ONLY the hairstyle (cut/shape) to match reference image 2.
men_hair_styles_05,hair_styles,men,men,hair_style,men,COMMAND: style_ref=men_hair_styles_05 | category=hair_styles | pipeline=men | region=hair_style | Change ONLY the hairstyle (cut/shape) to match reference image 2.
men_hair_styles_06,hair_styles,men,men,hair_style,men,COMMAND: style_ref=men_hair_styles_06 | category=hair_styles | pipeline=men | region=hair_style | Change ONLY the hairstyle (cut/shape) to match reference image 2.
men_hair_styles_07,hair_styles,men,men,hair_style,men,COMMAND: style_ref=men_hair_styles_07 | category=hair_styles | pipeline=men | region=hair_style | Change ONLY the hairstyle (cut/shape) to match reference image 2.
men_hair_styles_08,hair_styles,men,men,hair_style,men,COMMAND: style_ref=men_hair_styles_08 | category=hair_styles | pipeline=men | region=hair_style | Change ONLY the hairstyle (cut/shape) to match reference image 2.
women_hair_styles_01,hair_styles,women,women,hair_style,women,COMMAND: style_ref=women_hair_styles_01 | category=hair_styles | pipeline=women | region=hair_style | Change ONLY the hairstyle (cut/shape) to match reference image 2.
women_hair_styles_02,hair_styles,women,women,hair_style,women,COMMAND: style_ref=women_hair_styles_02 | category=hair_styles | pipeline=women | region=hair_style | Change ONLY the hairstyle (cut/shape) to match reference image 2.
women_hair_styles_03,hair_styles,women,women,hair_style,women,COMMAND: style_ref=women_hair_styles_03 | category=hair_styles | pipeline=women | region=hair_style | Change ONLY the hairstyle (cut/shape) to match reference image 2.
women_hair_styles_04,hair_styles,women,women,hair_style,women,COMMAND: style_ref=women_hair_styles_04 | category=hair_styles | pipeline=women | region=hair_style | Change ONLY the hairstyle (cut/shape) to match reference image 2.
women_hair_styles_05,hair_styles,women,women,hair_style,women,COMMAND: style_ref=women_hair_styles_05 | category=hair_styles | pipeline=women | region=hair_style | Change ONLY the hairstyle (cut/shape) to match reference image 2.
women_hair_styles_06,hair_styles,women,women,hair_style,women,COMMAND: style_ref=women_hair_styles_06 | category=hair_styles | pipeline=women | region=hair_style | Change ONLY the hairstyle (cut/shape) to match reference image 2.
women_hair_styles_07,hair_styles,women,women,hair_style,women,COMMAND: style_ref=women_hair_styles_07 | category=hair_styles | pipeline=women | region=hair_style | Change ONLY the hairstyle (cut/shape) to match reference image 2.
women_hair_styles_08,hair_styles,women,women,hair_style,women,COMMAND: style_ref=women_hair_styles_08 | category=hair_styles | pipeline=women | region=hair_style | Change ONLY the hairstyle (cut/shape) to match reference image 2.
women_hijab_01,hijab_styles,,women,hijab,women,COMMAND: style_ref=women_hijab_01 | category=hijab_styles | pipeline=women | region=hijab | Change ONLY the hijab/headscarf to match reference image 2.
women_hijab_02,hijab_styles,,women,hijab,women,COMMAND: style_ref=women_hijab_02 | category=hijab_styles | pipeline=women | region=hijab | Change ONLY the hijab/headscarf to match reference image 2.
women_hijab_03,hijab_styles,,women,hijab,women,COMMAND: style_ref=women_hijab_03 | category=hijab_styles | pipeline=women | region=hijab | Change ONLY the hijab/headscarf to match reference image 2.
women_hijab_04,hijab_styles,,women,hijab,women,COMMAND: style_ref=women_hijab_04 | category=hijab_styles | pipeline=women | region=hijab | Change ONLY the hijab/headscarf to match reference image 2.
women_hijab_05,hijab_styles,,women,hijab,women,COMMAND: style_ref=women_hijab_05 | category=hijab_styles | pipeline=women | region=hijab | Change ONLY the hijab/headscarf to match reference image 2.
women_hijab_06,hijab_styles,,women,hijab,women,COMMAND: style_ref=women_hijab_06 | category=hijab_styles | pipeline=women | region=hijab | Change ONLY the hijab/headscarf to match reference image 2.
women_hijab_07,hijab_styles,,women,hijab,women,COMMAND: style_ref=women_hijab_07 | category=hijab_styles | pipeline=women | region=hijab | Change ONLY the hijab/headscarf to match reference image 2.
women_hijab_08,hijab_styles,,women,hijab,women,COMMAND: style_ref=women_hijab_08 | category=hijab_styles | pipeline=women | region=hijab | Change ONLY the hijab/headscarf to match reference image 2.
women_hijab_09,hijab_styles,,women,hijab,women,COMMAND: style_ref=women_hijab_09 | category=hijab_styles | pipeline=women | region=hijab | Change ONLY the hijab/headscarf to match reference image 2.
women_hijab_10,hijab_styles,,women,hijab,women,COMMAND: style_ref=women_hijab_10 | category=hijab_styles | pipeline=women | region=hijab | Change ONLY the hijab/headscarf to match reference image 2.
men_casual_01,occasions,casual,men,outfit,men,COMMAND: style_ref=men_casual_01 | category=occasions | pipeline=men | tab=casual | region=outfit | Change ONLY the men casual occasion outfit to match reference image 2.
men_casual_02,occasions,casual,men,outfit,men,COMMAND: style_ref=men_casual_02 | category=occasions | pipeline=men | tab=casual | region=outfit | Change ONLY the men casual occasion outfit to match reference image 2.
men_casual_03,occasions,casual,men,outfit,men,COMMAND: style_ref=men_casual_03 | category=occasions | pipeline=men | tab=casual | region=outfit | Change ONLY the men casual occasion outfit to match reference image 2.
men_casual_04,occasions,casual,men,outfit,men,COMMAND: style_ref=men_casual_04 | category=occasions | pipeline=men | tab=casual | region=outfit | Change ONLY the men casual occasion outfit to match reference image 2.
men_casual_05,occasions,casual,men,outfit,men,COMMAND: style_ref=men_casual_05 | category=occasions | pipeline=men | tab=casual | region=outfit | Change ONLY the men casual occasion outfit to match reference image 2.
men_casual_06,occasions,casual,men,outfit,men,COMMAND: style_ref=men_casual_06 | category=occasions | pipeline=men | tab=casual | region=outfit | Change ONLY the men casual occasion outfit to match reference image 2.
men_casual_07,occasions,casual,men,outfit,men,COMMAND: style_ref=men_casual_07 | category=occasions | pipeline=men | tab=casual | region=outfit | Change ONLY the men casual occasion outfit to match reference image 2.
men_casual_08,occasions,casual,men,outfit,men,COMMAND: style_ref=men_casual_08 | category=occasions | pipeline=men | tab=casual | region=outfit | Change ONLY the men casual occasion outfit to match reference image 2.
men_casual_09,occasions,casual,men,outfit,men,COMMAND: style_ref=men_casual_09 | category=occasions | pipeline=men | tab=casual | region=outfit | Change ONLY the men casual occasion outfit to match reference image 2.
men_casual_10,occasions,casual,men,outfit,men,COMMAND: style_ref=men_casual_10 | category=occasions | pipeline=men | tab=casual | region=outfit | Change ONLY the men casual occasion outfit to match reference image 2.
men_formal_01,occasions,formal,men,outfit,men,COMMAND: style_ref=men_formal_01 | category=occasions | pipeline=men | tab=formal | region=outfit | Change ONLY the men formal occasion outfit to match reference image 2.
men_formal_02,occasions,formal,men,outfit,men,COMMAND: style_ref=men_formal_02 | category=occasions | pipeline=men | tab=formal | region=outfit | Change ONLY the men formal occasion outfit to match reference image 2.
men_formal_03,occasions,formal,men,outfit,men,COMMAND: style_ref=men_formal_03 | category=occasions | pipeline=men | tab=formal | region=outfit | Change ONLY the men formal occasion outfit to match reference image 2.
men_formal_04,occasions,formal,men,outfit,men,COMMAND: style_ref=men_formal_04 | category=occasions | pipeline=men | tab=formal | region=outfit | Change ONLY the men formal occasion outfit to match reference image 2.
men_formal_05,occasions,formal,men,outfit,men,COMMAND: style_ref=men_formal_05 | category=occasions | pipeline=men | tab=formal | region=outfit | Change ONLY the men formal occasion outfit to match reference image 2.
men_formal_06,occasions,formal,men,outfit,men,COMMAND: style_ref=men_formal_06 | category=occasions | pipeline=men | tab=formal | region=outfit | Change ONLY the men formal occasion outfit to match reference image 2.
men_formal_07,occasions,formal,men,outfit,men,COMMAND: style_ref=men_formal_07 | category=occasions | pipeline=men | tab=formal | region=outfit | Change ONLY the men formal occasion outfit to match reference image 2.
men_formal_08,occasions,formal,men,outfit,men,COMMAND: style_ref=men_formal_08 | category=occasions | pipeline=men | tab=formal | region=outfit | Change ONLY the men formal occasion outfit to match reference image 2.
men_formal_09,occasions,formal,men,outfit,men,COMMAND: style_ref=men_formal_09 | category=occasions | pipeline=men | tab=formal | region=outfit | Change ONLY the men formal occasion outfit to match reference image 2.
men_formal_10,occasions,formal,men,outfit,men,COMMAND: style_ref=men_formal_10 | category=occasions | pipeline=men | tab=formal | region=outfit | Change ONLY the men formal occasion outfit to match reference image 2.
women_casual_01,occasions,casual,women,outfit,women,COMMAND: style_ref=women_casual_01 | category=occasions | pipeline=women | tab=casual | region=outfit | Change ONLY the women casual occasion outfit to match reference image 2.
women_casual_02,occasions,casual,women,outfit,women,COMMAND: style_ref=women_casual_02 | category=occasions | pipeline=women | tab=casual | region=outfit | Change ONLY the women casual occasion outfit to match reference image 2.
women_casual_03,occasions,casual,women,outfit,women,COMMAND: style_ref=women_casual_03 | category=occasions | pipeline=women | tab=casual | region=outfit | Change ONLY the women casual occasion outfit to match reference image 2.
women_casual_04,occasions,casual,women,outfit,women,COMMAND: style_ref=women_casual_04 | category=occasions | pipeline=women | tab=casual | region=outfit | Change ONLY the women casual occasion outfit to match reference image 2.
women_casual_05,occasions,casual,women,outfit,women,COMMAND: style_ref=women_casual_05 | category=occasions | pipeline=women | tab=casual | region=outfit | Change ONLY the women casual occasion outfit to match reference image 2.
women_casual_06,occasions,casual,women,outfit,women,COMMAND: style_ref=women_casual_06 | category=occasions | pipeline=women | tab=casual | region=outfit | Change ONLY the women casual occasion outfit to match reference image 2.
women_casual_07,occasions,casual,women,outfit,women,COMMAND: style_ref=women_casual_07 | category=occasions | pipeline=women | tab=casual | region=outfit | Change ONLY the women casual occasion outfit to match reference image 2.
women_casual_08,occasions,casual,women,outfit,women,COMMAND: style_ref=women_casual_08 | category=occasions | pipeline=women | tab=casual | region=outfit | Change ONLY the women casual occasion outfit to match reference image 2.
women_casual_09,occasions,casual,women,outfit,women,COMMAND: style_ref=women_casual_09 | category=occasions | pipeline=women | tab=casual | region=outfit | Change ONLY the women casual occasion outfit to match reference image 2.
women_casual_10,occasions,casual,women,outfit,women,COMMAND: style_ref=women_casual_10 | category=occasions | pipeline=women | tab=casual | region=outfit | Change ONLY the women casual occasion outfit to match reference image 2.
women_formal_01,occasions,formal,women,outfit,women,COMMAND: style_ref=women_formal_01 | category=occasions | pipeline=women | tab=formal | region=outfit | Change ONLY the women formal occasion outfit to match reference image 2.
women_formal_02,occasions,formal,women,outfit,women,COMMAND: style_ref=women_formal_02 | category=occasions | pipeline=women | tab=formal | region=outfit | Change ONLY the women formal occasion outfit to match reference image 2.
women_formal_03,occasions,formal,women,outfit,women,COMMAND: style_ref=women_formal_03 | category=occasions | pipeline=women | tab=formal | region=outfit | Change ONLY the women formal occasion outfit to match reference image 2.
women_formal_04,occasions,formal,women,outfit,women,COMMAND: style_ref=women_formal_04 | category=occasions | pipeline=women | tab=formal | region=outfit | Change ONLY the women formal occasion outfit to match reference image 2.
women_formal_05,occasions,formal,women,outfit,women,COMMAND: style_ref=women_formal_05 | category=occasions | pipeline=women | tab=formal | region=outfit | Change ONLY the women formal occasion outfit to match reference image 2.
women_formal_06,occasions,formal,women,outfit,women,COMMAND: style_ref=women_formal_06 | category=occasions | pipeline=women | tab=formal | region=outfit | Change ONLY the women formal occasion outfit to match reference image 2.
women_formal_07,occasions,formal,women,outfit,women,COMMAND: style_ref=women_formal_07 | category=occasions | pipeline=women | tab=formal | region=outfit | Change ONLY the women formal occasion outfit to match reference image 2.
women_formal_08,occasions,formal,women,outfit,women,COMMAND: style_ref=women_formal_08 | category=occasions | pipeline=women | tab=formal | region=outfit | Change ONLY the women formal occasion outfit to match reference image 2.
women_formal_09,occasions,formal,women,outfit,women,COMMAND: style_ref=women_formal_09 | category=occasions | pipeline=women | tab=formal | region=outfit | Change ONLY the women formal occasion outfit to match reference image 2.
women_formal_10,occasions,formal,women,outfit,women,COMMAND: style_ref=women_formal_10 | category=occasions | pipeline=women | tab=formal | region=outfit | Change ONLY the women formal occasion outfit to match reference image 2.
women_wedding_01,occasions,wedding,women,outfit,women,COMMAND: style_ref=women_wedding_01 | category=occasions | pipeline=women | tab=wedding | region=outfit | Change ONLY the women wedding occasion outfit to match reference image 2.
women_wedding_02,occasions,wedding,women,outfit,women,COMMAND: style_ref=women_wedding_02 | category=occasions | pipeline=women | tab=wedding | region=outfit | Change ONLY the women wedding occasion outfit to match reference image 2.
women_wedding_03,occasions,wedding,women,outfit,women,COMMAND: style_ref=women_wedding_03 | category=occasions | pipeline=women | tab=wedding | region=outfit | Change ONLY the women wedding occasion outfit to match reference image 2.
women_wedding_04,occasions,wedding,women,outfit,women,COMMAND: style_ref=women_wedding_04 | category=occasions | pipeline=women | tab=wedding | region=outfit | Change ONLY the women wedding occasion outfit to match reference image 2.
women_wedding_05,occasions,wedding,women,outfit,women,COMMAND: style_ref=women_wedding_05 | category=occasions | pipeline=women | tab=wedding | region=outfit | Change ONLY the women wedding occasion outfit to match reference image 2.
women_wedding_06,occasions,wedding,women,outfit,women,COMMAND: style_ref=women_wedding_06 | category=occasions | pipeline=women | tab=wedding | region=outfit | Change ONLY the women wedding occasion outfit to match reference image 2.
women_wedding_07,occasions,wedding,women,outfit,women,COMMAND: style_ref=women_wedding_07 | category=occasions | pipeline=women | tab=wedding | region=outfit | Change ONLY the women wedding occasion outfit to match reference image 2.
women_wedding_08,occasions,wedding,women,outfit,women,COMMAND: style_ref=women_wedding_08 | category=occasions | pipeline=women | tab=wedding | region=outfit | Change ONLY the women wedding occasion outfit to match reference image 2.
women_wedding_09,occasions,wedding,women,outfit,women,COMMAND: style_ref=women_wedding_09 | category=occasions | pipeline=women | tab=wedding | region=outfit | Change ONLY the women wedding occasion outfit to match reference image 2.
women_wedding_10,occasions,wedding,women,outfit,women,COMMAND: style_ref=women_wedding_10 | category=occasions | pipeline=women | tab=wedding | region=outfit | Change ONLY the women wedding occasion outfit to match reference image 2.
men_outfit_change_01,outfit_change,,men,outfit,men,COMMAND: style_ref=men_outfit_change_01 | category=outfit_change | pipeline=men | region=outfit | Change ONLY the outfit/clothing to match reference image 2.
men_outfit_change_02,outfit_change,,men,outfit,men,COMMAND: style_ref=men_outfit_change_02 | category=outfit_change | pipeline=men | region=outfit | Change ONLY the outfit/clothing to match reference image 2.
women_outfit_change_01,outfit_change,,women,outfit,women,COMMAND: style_ref=women_outfit_change_01 | category=outfit_change | pipeline=women | region=outfit | Change ONLY the outfit/clothing to match reference image 2.
women_outfit_change_02,outfit_change,,women,outfit,women,COMMAND: style_ref=women_outfit_change_02 | category=outfit_change | pipeline=women | region=outfit | Change ONLY the outfit/clothing to match reference image 2.
women_outfit_change_03,outfit_change,,women,outfit,women,COMMAND: style_ref=women_outfit_change_03 | category=outfit_change | pipeline=women | region=outfit | Change ONLY the outfit/clothing to match reference image 2.
women_outfit_change_04,outfit_change,,women,outfit,women,COMMAND: style_ref=women_outfit_change_04 | category=outfit_change | pipeline=women | region=outfit | Change ONLY the outfit/clothing to match reference image 2.
women_outfit_change_05,outfit_change,,women,outfit,women,COMMAND: style_ref=women_outfit_change_05 | category=outfit_change | pipeline=women | region=outfit | Change ONLY the outfit/clothing to match reference image 2.
women_outfit_change_06,outfit_change,,women,outfit,women,COMMAND: style_ref=women_outfit_change_06 | category=outfit_change | pipeline=women | region=outfit | Change ONLY the outfit/clothing to match reference image 2.
women_outfit_change_07,outfit_change,,women,outfit,women,COMMAND: style_ref=women_outfit_change_07 | category=outfit_change | pipeline=women | region=outfit | Change ONLY the outfit/clothing to match reference image 2.
women_outfit_change_08,outfit_change,,women,outfit,women,COMMAND: style_ref=women_outfit_change_08 | category=outfit_change | pipeline=women | region=outfit | Change ONLY the outfit/clothing to match reference image 2.
women_outfit_change_09,outfit_change,,women,outfit,women,COMMAND: style_ref=women_outfit_change_09 | category=outfit_change | pipeline=women | region=outfit | Change ONLY the outfit/clothing to match reference image 2.
women_outfit_change_10,outfit_change,,women,outfit,women,COMMAND: style_ref=women_outfit_change_10 | category=outfit_change | pipeline=women | region=outfit | Change ONLY the outfit/clothing to match reference image 2.
women_outfit_change_11,outfit_change,,women,outfit,women,COMMAND: style_ref=women_outfit_change_11 | category=outfit_change | pipeline=women | region=outfit | Change ONLY the outfit/clothing to match reference image 2.
men_preset_gym_01,presets,preset_gym,men,outfit,men,COMMAND: style_ref=men_preset_gym_01 | category=presets | pipeline=men | tab=preset_gym | region=outfit | Change ONLY the preset outfit using reference image 2.
men_preset_gym_02,presets,preset_gym,men,outfit,men,COMMAND: style_ref=men_preset_gym_02 | category=presets | pipeline=men | tab=preset_gym | region=outfit | Change ONLY the preset outfit using reference image 2.
men_preset_gym_03,presets,preset_gym,men,outfit,men,COMMAND: style_ref=men_preset_gym_03 | category=presets | pipeline=men | tab=preset_gym | region=outfit | Change ONLY the preset outfit using reference image 2.
men_preset_gym_04,presets,preset_gym,men,outfit,men,COMMAND: style_ref=men_preset_gym_04 | category=presets | pipeline=men | tab=preset_gym | region=outfit | Change ONLY the preset outfit using reference image 2.
men_preset_gym_05,presets,preset_gym,men,outfit,men,COMMAND: style_ref=men_preset_gym_05 | category=presets | pipeline=men | tab=preset_gym | region=outfit | Change ONLY the preset outfit using reference image 2.
men_preset_gym_06,presets,preset_gym,men,outfit,men,COMMAND: style_ref=men_preset_gym_06 | category=presets | pipeline=men | tab=preset_gym | region=outfit | Change ONLY the preset outfit using reference image 2.
men_preset_gym_07,presets,preset_gym,men,outfit,men,COMMAND: style_ref=men_preset_gym_07 | category=presets | pipeline=men | tab=preset_gym | region=outfit | Change ONLY the preset outfit using reference image 2.
men_preset_gym_08,presets,preset_gym,men,outfit,men,COMMAND: style_ref=men_preset_gym_08 | category=presets | pipeline=men | tab=preset_gym | region=outfit | Change ONLY the preset outfit using reference image 2.
men_preset_gym_09,presets,preset_gym,men,outfit,men,COMMAND: style_ref=men_preset_gym_09 | category=presets | pipeline=men | tab=preset_gym | region=outfit | Change ONLY the preset outfit using reference image 2.
men_preset_gym_10,presets,preset_gym,men,outfit,men,COMMAND: style_ref=men_preset_gym_10 | category=presets | pipeline=men | tab=preset_gym | region=outfit | Change ONLY the preset outfit using reference image 2.
men_tryon_01,virtual_try_on,,men,outfit,men,COMMAND: style_ref=men_tryon_01 | category=virtual_try_on | pipeline=men | region=outfit | Change ONLY the outfit/clothing to match reference image 2.
men_tryon_02,virtual_try_on,,men,outfit,men,COMMAND: style_ref=men_tryon_02 | category=virtual_try_on | pipeline=men | region=outfit | Change ONLY the outfit/clothing to match reference image 2.
men_tryon_03,virtual_try_on,,men,outfit,men,COMMAND: style_ref=men_tryon_03 | category=virtual_try_on | pipeline=men | region=outfit | Change ONLY the outfit/clothing to match reference image 2.
men_tryon_04,virtual_try_on,,men,outfit,men,COMMAND: style_ref=men_tryon_04 | category=virtual_try_on | pipeline=men | region=outfit | Change ONLY the outfit/clothing to match reference image 2.
men_tryon_05,virtual_try_on,,men,outfit,men,COMMAND: style_ref=men_tryon_05 | category=virtual_try_on | pipeline=men | region=outfit | Change ONLY the outfit/clothing to match reference image 2.
men_tryon_06,virtual_try_on,,men,outfit,men,COMMAND: style_ref=men_tryon_06 | category=virtual_try_on | pipeline=men | region=outfit | Change ONLY the outfit/clothing to match reference image 2.
men_tryon_07,virtual_try_on,,men,outfit,men,COMMAND: style_ref=men_tryon_07 | category=virtual_try_on | pipeline=men | region=outfit | Change ONLY the outfit/clothing to match reference image 2.
men_tryon_08,virtual_try_on,,men,outfit,men,COMMAND: style_ref=men_tryon_08 | category=virtual_try_on | pipeline=men | region=outfit | Change ONLY the outfit/clothing to match reference image 2.
men_tryon_09,virtual_try_on,,men,outfit,men,COMMAND: style_ref=men_tryon_09 | category=virtual_try_on | pipeline=men | region=outfit | Change ONLY the outfit/clothing to match reference image 2.
men_tryon_10,virtual_try_on,,men,outfit,men,COMMAND: style_ref=men_tryon_10 | category=virtual_try_on | pipeline=men | region=outfit | Change ONLY the outfit/clothing to match reference image 2.
women_tryon_01,virtual_try_on,,women,outfit,women,COMMAND: style_ref=women_tryon_01 | category=virtual_try_on | pipeline=women | region=outfit | Change ONLY the outfit/clothing to match reference image 2.
women_tryon_02,virtual_try_on,,women,outfit,women,COMMAND: style_ref=women_tryon_02 | category=virtual_try_on | pipeline=women | region=outfit | Change ONLY the outfit/clothing to match reference image 2.
women_tryon_03,virtual_try_on,,women,outfit,women,COMMAND: style_ref=women_tryon_03 | category=virtual_try_on | pipeline=women | region=outfit | Change ONLY the outfit/clothing to match reference image 2.
women_tryon_04,virtual_try_on,,women,outfit,women,COMMAND: style_ref=women_tryon_04 | category=virtual_try_on | pipeline=women | region=outfit | Change ONLY the outfit/clothing to match reference image 2.
women_tryon_05,virtual_try_on,,women,outfit,women,COMMAND: style_ref=women_tryon_05 | category=virtual_try_on | pipeline=women | region=outfit | Change ONLY the outfit/clothing to match reference image 2.
women_tryon_06,virtual_try_on,,women,outfit,women,COMMAND: style_ref=women_tryon_06 | category=virtual_try_on | pipeline=women | region=outfit | Change ONLY the outfit/clothing to match reference image 2.
women_tryon_07,virtual_try_on,,women,outfit,women,COMMAND: style_ref=women_tryon_07 | category=virtual_try_on | pipeline=women | region=outfit | Change ONLY the outfit/clothing to match reference image 2.
women_tryon_08,virtual_try_on,,women,outfit,women,COMMAND: style_ref=women_tryon_08 | category=virtual_try_on | pipeline=women | region=outfit | Change ONLY the outfit/clothing to match reference image 2.
women_tryon_09,virtual_try_on,,women,outfit,women,COMMAND: style_ref=women_tryon_09 | category=virtual_try_on | pipeline=women | region=outfit | Change ONLY the outfit/clothing to match reference image 2.
women_tryon_10,virtual_try_on,,women,outfit,women,COMMAND: style_ref=women_tryon_10 | category=virtual_try_on | pipeline=women | region=outfit | Change ONLY the outfit/clothing to match reference image 2.
men_arabian_01,wardrobe_browse,arabian,men,outfit,men,COMMAND: style_ref=men_arabian_01 | category=wardrobe_browse | pipeline=men | tab=arabian | region=outfit | Change ONLY the men arabian garment to match reference image 2.
men_arabian_02,wardrobe_browse,arabian,men,outfit,men,COMMAND: style_ref=men_arabian_02 | category=wardrobe_browse | pipeline=men | tab=arabian | region=outfit | Change ONLY the men arabian garment to match reference image 2.
men_arabian_03,wardrobe_browse,arabian,men,outfit,men,COMMAND: style_ref=men_arabian_03 | category=wardrobe_browse | pipeline=men | tab=arabian | region=outfit | Change ONLY the men arabian garment to match reference image 2.
men_arabian_04,wardrobe_browse,arabian,men,outfit,men,COMMAND: style_ref=men_arabian_04 | category=wardrobe_browse | pipeline=men | tab=arabian | region=outfit | Change ONLY the men arabian garment to match reference image 2.
men_arabian_05,wardrobe_browse,arabian,men,outfit,men,COMMAND: style_ref=men_arabian_05 | category=wardrobe_browse | pipeline=men | tab=arabian | region=outfit | Change ONLY the men arabian garment to match reference image 2.
men_arabian_06,wardrobe_browse,arabian,men,outfit,men,COMMAND: style_ref=men_arabian_06 | category=wardrobe_browse | pipeline=men | tab=arabian | region=outfit | Change ONLY the men arabian garment to match reference image 2.
men_arabian_07,wardrobe_browse,arabian,men,outfit,men,COMMAND: style_ref=men_arabian_07 | category=wardrobe_browse | pipeline=men | tab=arabian | region=outfit | Change ONLY the men arabian garment to match reference image 2.
men_arabian_08,wardrobe_browse,arabian,men,outfit,men,COMMAND: style_ref=men_arabian_08 | category=wardrobe_browse | pipeline=men | tab=arabian | region=outfit | Change ONLY the men arabian garment to match reference image 2.
men_arabian_09,wardrobe_browse,arabian,men,outfit,men,COMMAND: style_ref=men_arabian_09 | category=wardrobe_browse | pipeline=men | tab=arabian | region=outfit | Change ONLY the men arabian garment to match reference image 2.
men_arabian_10,wardrobe_browse,arabian,men,outfit,men,COMMAND: style_ref=men_arabian_10 | category=wardrobe_browse | pipeline=men | tab=arabian | region=outfit | Change ONLY the men arabian garment to match reference image 2.
men_arabian_11,wardrobe_browse,arabian,men,outfit,men,COMMAND: style_ref=men_arabian_11 | category=wardrobe_browse | pipeline=men | tab=arabian | region=outfit | Change ONLY the men arabian garment to match reference image 2.
men_arabian_12,wardrobe_browse,arabian,men,outfit,men,COMMAND: style_ref=men_arabian_12 | category=wardrobe_browse | pipeline=men | tab=arabian | region=outfit | Change ONLY the men arabian garment to match reference image 2.
men_arabian_13,wardrobe_browse,arabian,men,outfit,men,COMMAND: style_ref=men_arabian_13 | category=wardrobe_browse | pipeline=men | tab=arabian | region=outfit | Change ONLY the men arabian garment to match reference image 2.
men_arabian_14,wardrobe_browse,arabian,men,outfit,men,COMMAND: style_ref=men_arabian_14 | category=wardrobe_browse | pipeline=men | tab=arabian | region=outfit | Change ONLY the men arabian garment to match reference image 2.
men_arabian_15,wardrobe_browse,arabian,men,outfit,men,COMMAND: style_ref=men_arabian_15 | category=wardrobe_browse | pipeline=men | tab=arabian | region=outfit | Change ONLY the men arabian garment to match reference image 2.
men_arabian_16,wardrobe_browse,arabian,men,outfit,men,COMMAND: style_ref=men_arabian_16 | category=wardrobe_browse | pipeline=men | tab=arabian | region=outfit | Change ONLY the men arabian garment to match reference image 2.
men_arabian_17,wardrobe_browse,arabian,men,outfit,men,COMMAND: style_ref=men_arabian_17 | category=wardrobe_browse | pipeline=men | tab=arabian | region=outfit | Change ONLY the men arabian garment to match reference image 2.
men_bottoms_01,wardrobe_browse,bottoms,men,outfit,men,COMMAND: style_ref=men_bottoms_01 | category=wardrobe_browse | pipeline=men | tab=bottoms | region=outfit | Change ONLY the men bottoms garment to match reference image 2.
men_bottoms_02,wardrobe_browse,bottoms,men,outfit,men,COMMAND: style_ref=men_bottoms_02 | category=wardrobe_browse | pipeline=men | tab=bottoms | region=outfit | Change ONLY the men bottoms garment to match reference image 2.
men_bottoms_03,wardrobe_browse,bottoms,men,outfit,men,COMMAND: style_ref=men_bottoms_03 | category=wardrobe_browse | pipeline=men | tab=bottoms | region=outfit | Change ONLY the men bottoms garment to match reference image 2.
men_bottoms_04,wardrobe_browse,bottoms,men,outfit,men,COMMAND: style_ref=men_bottoms_04 | category=wardrobe_browse | pipeline=men | tab=bottoms | region=outfit | Change ONLY the men bottoms garment to match reference image 2.
men_bottoms_05,wardrobe_browse,bottoms,men,outfit,men,COMMAND: style_ref=men_bottoms_05 | category=wardrobe_browse | pipeline=men | tab=bottoms | region=outfit | Change ONLY the men bottoms garment to match reference image 2.
men_bottoms_06,wardrobe_browse,bottoms,men,outfit,men,COMMAND: style_ref=men_bottoms_06 | category=wardrobe_browse | pipeline=men | tab=bottoms | region=outfit | Change ONLY the men bottoms garment to match reference image 2.
men_bottoms_07,wardrobe_browse,bottoms,men,outfit,men,COMMAND: style_ref=men_bottoms_07 | category=wardrobe_browse | pipeline=men | tab=bottoms | region=outfit | Change ONLY the men bottoms garment to match reference image 2.
men_bottoms_08,wardrobe_browse,bottoms,men,outfit,men,COMMAND: style_ref=men_bottoms_08 | category=wardrobe_browse | pipeline=men | tab=bottoms | region=outfit | Change ONLY the men bottoms garment to match reference image 2.
men_chinese_01,wardrobe_browse,chinese,men,outfit,men,COMMAND: style_ref=men_chinese_01 | category=wardrobe_browse | pipeline=men | tab=chinese | region=outfit | Change ONLY the men chinese garment to match reference image 2.
men_chinese_02,wardrobe_browse,chinese,men,outfit,men,COMMAND: style_ref=men_chinese_02 | category=wardrobe_browse | pipeline=men | tab=chinese | region=outfit | Change ONLY the men chinese garment to match reference image 2.
men_chinese_03,wardrobe_browse,chinese,men,outfit,men,COMMAND: style_ref=men_chinese_03 | category=wardrobe_browse | pipeline=men | tab=chinese | region=outfit | Change ONLY the men chinese garment to match reference image 2.
men_chinese_04,wardrobe_browse,chinese,men,outfit,men,COMMAND: style_ref=men_chinese_04 | category=wardrobe_browse | pipeline=men | tab=chinese | region=outfit | Change ONLY the men chinese garment to match reference image 2.
men_chinese_05,wardrobe_browse,chinese,men,outfit,men,COMMAND: style_ref=men_chinese_05 | category=wardrobe_browse | pipeline=men | tab=chinese | region=outfit | Change ONLY the men chinese garment to match reference image 2.
men_chinese_06,wardrobe_browse,chinese,men,outfit,men,COMMAND: style_ref=men_chinese_06 | category=wardrobe_browse | pipeline=men | tab=chinese | region=outfit | Change ONLY the men chinese garment to match reference image 2.
men_chinese_07,wardrobe_browse,chinese,men,outfit,men,COMMAND: style_ref=men_chinese_07 | category=wardrobe_browse | pipeline=men | tab=chinese | region=outfit | Change ONLY the men chinese garment to match reference image 2.
men_chinese_08,wardrobe_browse,chinese,men,outfit,men,COMMAND: style_ref=men_chinese_08 | category=wardrobe_browse | pipeline=men | tab=chinese | region=outfit | Change ONLY the men chinese garment to match reference image 2.
men_chinese_09,wardrobe_browse,chinese,men,outfit,men,COMMAND: style_ref=men_chinese_09 | category=wardrobe_browse | pipeline=men | tab=chinese | region=outfit | Change ONLY the men chinese garment to match reference image 2.
men_chinese_10,wardrobe_browse,chinese,men,outfit,men,COMMAND: style_ref=men_chinese_10 | category=wardrobe_browse | pipeline=men | tab=chinese | region=outfit | Change ONLY the men chinese garment to match reference image 2.
men_chinese_11,wardrobe_browse,chinese,men,outfit,men,COMMAND: style_ref=men_chinese_11 | category=wardrobe_browse | pipeline=men | tab=chinese | region=outfit | Change ONLY the men chinese garment to match reference image 2.
men_chinese_12,wardrobe_browse,chinese,men,outfit,men,COMMAND: style_ref=men_chinese_12 | category=wardrobe_browse | pipeline=men | tab=chinese | region=outfit | Change ONLY the men chinese garment to match reference image 2.
men_chinese_13,wardrobe_browse,chinese,men,outfit,men,COMMAND: style_ref=men_chinese_13 | category=wardrobe_browse | pipeline=men | tab=chinese | region=outfit | Change ONLY the men chinese garment to match reference image 2.
men_chinese_14,wardrobe_browse,chinese,men,outfit,men,COMMAND: style_ref=men_chinese_14 | category=wardrobe_browse | pipeline=men | tab=chinese | region=outfit | Change ONLY the men chinese garment to match reference image 2.
men_indian_01,wardrobe_browse,indian,men,outfit,men,COMMAND: style_ref=men_indian_01 | category=wardrobe_browse | pipeline=men | tab=indian | region=outfit | Change ONLY the men indian garment to match reference image 2.
men_indian_02,wardrobe_browse,indian,men,outfit,men,COMMAND: style_ref=men_indian_02 | category=wardrobe_browse | pipeline=men | tab=indian | region=outfit | Change ONLY the men indian garment to match reference image 2.
men_indian_03,wardrobe_browse,indian,men,outfit,men,COMMAND: style_ref=men_indian_03 | category=wardrobe_browse | pipeline=men | tab=indian | region=outfit | Change ONLY the men indian garment to match reference image 2.
men_indian_04,wardrobe_browse,indian,men,outfit,men,COMMAND: style_ref=men_indian_04 | category=wardrobe_browse | pipeline=men | tab=indian | region=outfit | Change ONLY the men indian garment to match reference image 2.
men_indian_05,wardrobe_browse,indian,men,outfit,men,COMMAND: style_ref=men_indian_05 | category=wardrobe_browse | pipeline=men | tab=indian | region=outfit | Change ONLY the men indian garment to match reference image 2.
men_indian_06,wardrobe_browse,indian,men,outfit,men,COMMAND: style_ref=men_indian_06 | category=wardrobe_browse | pipeline=men | tab=indian | region=outfit | Change ONLY the men indian garment to match reference image 2.
men_indian_07,wardrobe_browse,indian,men,outfit,men,COMMAND: style_ref=men_indian_07 | category=wardrobe_browse | pipeline=men | tab=indian | region=outfit | Change ONLY the men indian garment to match reference image 2.
men_indian_08,wardrobe_browse,indian,men,outfit,men,COMMAND: style_ref=men_indian_08 | category=wardrobe_browse | pipeline=men | tab=indian | region=outfit | Change ONLY the men indian garment to match reference image 2.
men_indian_09,wardrobe_browse,indian,men,outfit,men,COMMAND: style_ref=men_indian_09 | category=wardrobe_browse | pipeline=men | tab=indian | region=outfit | Change ONLY the men indian garment to match reference image 2.
men_indian_10,wardrobe_browse,indian,men,outfit,men,COMMAND: style_ref=men_indian_10 | category=wardrobe_browse | pipeline=men | tab=indian | region=outfit | Change ONLY the men indian garment to match reference image 2.
men_indian_11,wardrobe_browse,indian,men,outfit,men,COMMAND: style_ref=men_indian_11 | category=wardrobe_browse | pipeline=men | tab=indian | region=outfit | Change ONLY the men indian garment to match reference image 2.
men_indian_12,wardrobe_browse,indian,men,outfit,men,COMMAND: style_ref=men_indian_12 | category=wardrobe_browse | pipeline=men | tab=indian | region=outfit | Change ONLY the men indian garment to match reference image 2.
men_indian_13,wardrobe_browse,indian,men,outfit,men,COMMAND: style_ref=men_indian_13 | category=wardrobe_browse | pipeline=men | tab=indian | region=outfit | Change ONLY the men indian garment to match reference image 2.
men_indian_14,wardrobe_browse,indian,men,outfit,men,COMMAND: style_ref=men_indian_14 | category=wardrobe_browse | pipeline=men | tab=indian | region=outfit | Change ONLY the men indian garment to match reference image 2.
men_indian_15,wardrobe_browse,indian,men,outfit,men,COMMAND: style_ref=men_indian_15 | category=wardrobe_browse | pipeline=men | tab=indian | region=outfit | Change ONLY the men indian garment to match reference image 2.
men_jackets_01,wardrobe_browse,jackets,men,outfit,men,COMMAND: style_ref=men_jackets_01 | category=wardrobe_browse | pipeline=men | tab=jackets | region=outfit | Change ONLY the men jackets garment to match reference image 2.
men_jackets_02,wardrobe_browse,jackets,men,outfit,men,COMMAND: style_ref=men_jackets_02 | category=wardrobe_browse | pipeline=men | tab=jackets | region=outfit | Change ONLY the men jackets garment to match reference image 2.
men_jackets_03,wardrobe_browse,jackets,men,outfit,men,COMMAND: style_ref=men_jackets_03 | category=wardrobe_browse | pipeline=men | tab=jackets | region=outfit | Change ONLY the men jackets garment to match reference image 2.
men_jackets_04,wardrobe_browse,jackets,men,outfit,men,COMMAND: style_ref=men_jackets_04 | category=wardrobe_browse | pipeline=men | tab=jackets | region=outfit | Change ONLY the men jackets garment to match reference image 2.
men_jackets_05,wardrobe_browse,jackets,men,outfit,men,COMMAND: style_ref=men_jackets_05 | category=wardrobe_browse | pipeline=men | tab=jackets | region=outfit | Change ONLY the men jackets garment to match reference image 2.
men_jackets_06,wardrobe_browse,jackets,men,outfit,men,COMMAND: style_ref=men_jackets_06 | category=wardrobe_browse | pipeline=men | tab=jackets | region=outfit | Change ONLY the men jackets garment to match reference image 2.
men_jackets_07,wardrobe_browse,jackets,men,outfit,men,COMMAND: style_ref=men_jackets_07 | category=wardrobe_browse | pipeline=men | tab=jackets | region=outfit | Change ONLY the men jackets garment to match reference image 2.
men_jackets_08,wardrobe_browse,jackets,men,outfit,men,COMMAND: style_ref=men_jackets_08 | category=wardrobe_browse | pipeline=men | tab=jackets | region=outfit | Change ONLY the men jackets garment to match reference image 2.
men_jackets_09,wardrobe_browse,jackets,men,outfit,men,COMMAND: style_ref=men_jackets_09 | category=wardrobe_browse | pipeline=men | tab=jackets | region=outfit | Change ONLY the men jackets garment to match reference image 2.
men_jackets_10,wardrobe_browse,jackets,men,outfit,men,COMMAND: style_ref=men_jackets_10 | category=wardrobe_browse | pipeline=men | tab=jackets | region=outfit | Change ONLY the men jackets garment to match reference image 2.
men_jackets_11,wardrobe_browse,jackets,men,outfit,men,COMMAND: style_ref=men_jackets_11 | category=wardrobe_browse | pipeline=men | tab=jackets | region=outfit | Change ONLY the men jackets garment to match reference image 2.
men_jackets_12,wardrobe_browse,jackets,men,outfit,men,COMMAND: style_ref=men_jackets_12 | category=wardrobe_browse | pipeline=men | tab=jackets | region=outfit | Change ONLY the men jackets garment to match reference image 2.
men_jackets_13,wardrobe_browse,jackets,men,outfit,men,COMMAND: style_ref=men_jackets_13 | category=wardrobe_browse | pipeline=men | tab=jackets | region=outfit | Change ONLY the men jackets garment to match reference image 2.
men_jackets_14,wardrobe_browse,jackets,men,outfit,men,COMMAND: style_ref=men_jackets_14 | category=wardrobe_browse | pipeline=men | tab=jackets | region=outfit | Change ONLY the men jackets garment to match reference image 2.
men_jackets_15,wardrobe_browse,jackets,men,outfit,men,COMMAND: style_ref=men_jackets_15 | category=wardrobe_browse | pipeline=men | tab=jackets | region=outfit | Change ONLY the men jackets garment to match reference image 2.
men_jackets_16,wardrobe_browse,jackets,men,outfit,men,COMMAND: style_ref=men_jackets_16 | category=wardrobe_browse | pipeline=men | tab=jackets | region=outfit | Change ONLY the men jackets garment to match reference image 2.
men_jackets_17,wardrobe_browse,jackets,men,outfit,men,COMMAND: style_ref=men_jackets_17 | category=wardrobe_browse | pipeline=men | tab=jackets | region=outfit | Change ONLY the men jackets garment to match reference image 2.
men_jackets_18,wardrobe_browse,jackets,men,outfit,men,COMMAND: style_ref=men_jackets_18 | category=wardrobe_browse | pipeline=men | tab=jackets | region=outfit | Change ONLY the men jackets garment to match reference image 2.
men_jackets_19,wardrobe_browse,jackets,men,outfit,men,COMMAND: style_ref=men_jackets_19 | category=wardrobe_browse | pipeline=men | tab=jackets | region=outfit | Change ONLY the men jackets garment to match reference image 2.
men_jackets_20,wardrobe_browse,jackets,men,outfit,men,COMMAND: style_ref=men_jackets_20 | category=wardrobe_browse | pipeline=men | tab=jackets | region=outfit | Change ONLY the men jackets garment to match reference image 2.
men_jackets_21,wardrobe_browse,jackets,men,outfit,men,COMMAND: style_ref=men_jackets_21 | category=wardrobe_browse | pipeline=men | tab=jackets | region=outfit | Change ONLY the men jackets garment to match reference image 2.
men_korean_01,wardrobe_browse,korean,men,outfit,men,COMMAND: style_ref=men_korean_01 | category=wardrobe_browse | pipeline=men | tab=korean | region=outfit | Change ONLY the men korean garment to match reference image 2.
men_korean_02,wardrobe_browse,korean,men,outfit,men,COMMAND: style_ref=men_korean_02 | category=wardrobe_browse | pipeline=men | tab=korean | region=outfit | Change ONLY the men korean garment to match reference image 2.
men_korean_03,wardrobe_browse,korean,men,outfit,men,COMMAND: style_ref=men_korean_03 | category=wardrobe_browse | pipeline=men | tab=korean | region=outfit | Change ONLY the men korean garment to match reference image 2.
men_korean_04,wardrobe_browse,korean,men,outfit,men,COMMAND: style_ref=men_korean_04 | category=wardrobe_browse | pipeline=men | tab=korean | region=outfit | Change ONLY the men korean garment to match reference image 2.
men_korean_05,wardrobe_browse,korean,men,outfit,men,COMMAND: style_ref=men_korean_05 | category=wardrobe_browse | pipeline=men | tab=korean | region=outfit | Change ONLY the men korean garment to match reference image 2.
men_korean_06,wardrobe_browse,korean,men,outfit,men,COMMAND: style_ref=men_korean_06 | category=wardrobe_browse | pipeline=men | tab=korean | region=outfit | Change ONLY the men korean garment to match reference image 2.
men_korean_07,wardrobe_browse,korean,men,outfit,men,COMMAND: style_ref=men_korean_07 | category=wardrobe_browse | pipeline=men | tab=korean | region=outfit | Change ONLY the men korean garment to match reference image 2.
men_korean_08,wardrobe_browse,korean,men,outfit,men,COMMAND: style_ref=men_korean_08 | category=wardrobe_browse | pipeline=men | tab=korean | region=outfit | Change ONLY the men korean garment to match reference image 2.
men_korean_09,wardrobe_browse,korean,men,outfit,men,COMMAND: style_ref=men_korean_09 | category=wardrobe_browse | pipeline=men | tab=korean | region=outfit | Change ONLY the men korean garment to match reference image 2.
men_korean_10,wardrobe_browse,korean,men,outfit,men,COMMAND: style_ref=men_korean_10 | category=wardrobe_browse | pipeline=men | tab=korean | region=outfit | Change ONLY the men korean garment to match reference image 2.
men_korean_11,wardrobe_browse,korean,men,outfit,men,COMMAND: style_ref=men_korean_11 | category=wardrobe_browse | pipeline=men | tab=korean | region=outfit | Change ONLY the men korean garment to match reference image 2.
men_korean_12,wardrobe_browse,korean,men,outfit,men,COMMAND: style_ref=men_korean_12 | category=wardrobe_browse | pipeline=men | tab=korean | region=outfit | Change ONLY the men korean garment to match reference image 2.
men_korean_13,wardrobe_browse,korean,men,outfit,men,COMMAND: style_ref=men_korean_13 | category=wardrobe_browse | pipeline=men | tab=korean | region=outfit | Change ONLY the men korean garment to match reference image 2.
men_pakistani_01,wardrobe_browse,pakistani,men,outfit,men,COMMAND: style_ref=men_pakistani_01 | category=wardrobe_browse | pipeline=men | tab=pakistani | region=outfit | Change ONLY the men pakistani garment to match reference image 2.
men_pakistani_02,wardrobe_browse,pakistani,men,outfit,men,COMMAND: style_ref=men_pakistani_02 | category=wardrobe_browse | pipeline=men | tab=pakistani | region=outfit | Change ONLY the men pakistani garment to match reference image 2.
men_pakistani_03,wardrobe_browse,pakistani,men,outfit,men,COMMAND: style_ref=men_pakistani_03 | category=wardrobe_browse | pipeline=men | tab=pakistani | region=outfit | Change ONLY the men pakistani garment to match reference image 2.
men_pakistani_04,wardrobe_browse,pakistani,men,outfit,men,COMMAND: style_ref=men_pakistani_04 | category=wardrobe_browse | pipeline=men | tab=pakistani | region=outfit | Change ONLY the men pakistani garment to match reference image 2.
men_pakistani_05,wardrobe_browse,pakistani,men,outfit,men,COMMAND: style_ref=men_pakistani_05 | category=wardrobe_browse | pipeline=men | tab=pakistani | region=outfit | Change ONLY the men pakistani garment to match reference image 2.
men_pakistani_06,wardrobe_browse,pakistani,men,outfit,men,COMMAND: style_ref=men_pakistani_06 | category=wardrobe_browse | pipeline=men | tab=pakistani | region=outfit | Change ONLY the men pakistani garment to match reference image 2.
men_pakistani_07,wardrobe_browse,pakistani,men,outfit,men,COMMAND: style_ref=men_pakistani_07 | category=wardrobe_browse | pipeline=men | tab=pakistani | region=outfit | Change ONLY the men pakistani garment to match reference image 2.
men_pakistani_08,wardrobe_browse,pakistani,men,outfit,men,COMMAND: style_ref=men_pakistani_08 | category=wardrobe_browse | pipeline=men | tab=pakistani | region=outfit | Change ONLY the men pakistani garment to match reference image 2.
men_pakistani_09,wardrobe_browse,pakistani,men,outfit,men,COMMAND: style_ref=men_pakistani_09 | category=wardrobe_browse | pipeline=men | tab=pakistani | region=outfit | Change ONLY the men pakistani garment to match reference image 2.
men_pakistani_10,wardrobe_browse,pakistani,men,outfit,men,COMMAND: style_ref=men_pakistani_10 | category=wardrobe_browse | pipeline=men | tab=pakistani | region=outfit | Change ONLY the men pakistani garment to match reference image 2.
men_pakistani_11,wardrobe_browse,pakistani,men,outfit,men,COMMAND: style_ref=men_pakistani_11 | category=wardrobe_browse | pipeline=men | tab=pakistani | region=outfit | Change ONLY the men pakistani garment to match reference image 2.
men_pakistani_12,wardrobe_browse,pakistani,men,outfit,men,COMMAND: style_ref=men_pakistani_12 | category=wardrobe_browse | pipeline=men | tab=pakistani | region=outfit | Change ONLY the men pakistani garment to match reference image 2.
men_pakistani_13,wardrobe_browse,pakistani,men,outfit,men,COMMAND: style_ref=men_pakistani_13 | category=wardrobe_browse | pipeline=men | tab=pakistani | region=outfit | Change ONLY the men pakistani garment to match reference image 2.
men_pakistani_14,wardrobe_browse,pakistani,men,outfit,men,COMMAND: style_ref=men_pakistani_14 | category=wardrobe_browse | pipeline=men | tab=pakistani | region=outfit | Change ONLY the men pakistani garment to match reference image 2.
men_pakistani_15,wardrobe_browse,pakistani,men,outfit,men,COMMAND: style_ref=men_pakistani_15 | category=wardrobe_browse | pipeline=men | tab=pakistani | region=outfit | Change ONLY the men pakistani garment to match reference image 2.
men_pakistani_16,wardrobe_browse,pakistani,men,outfit,men,COMMAND: style_ref=men_pakistani_16 | category=wardrobe_browse | pipeline=men | tab=pakistani | region=outfit | Change ONLY the men pakistani garment to match reference image 2.
men_pakistani_17,wardrobe_browse,pakistani,men,outfit,men,COMMAND: style_ref=men_pakistani_17 | category=wardrobe_browse | pipeline=men | tab=pakistani | region=outfit | Change ONLY the men pakistani garment to match reference image 2.
men_pakistani_18,wardrobe_browse,pakistani,men,outfit,men,COMMAND: style_ref=men_pakistani_18 | category=wardrobe_browse | pipeline=men | tab=pakistani | region=outfit | Change ONLY the men pakistani garment to match reference image 2.
men_shirts_01,wardrobe_browse,shirts,men,outfit,men,COMMAND: style_ref=men_shirts_01 | category=wardrobe_browse | pipeline=men | tab=shirts | region=outfit | Change ONLY the men shirts garment to match reference image 2.
men_shirts_02,wardrobe_browse,shirts,men,outfit,men,COMMAND: style_ref=men_shirts_02 | category=wardrobe_browse | pipeline=men | tab=shirts | region=outfit | Change ONLY the men shirts garment to match reference image 2.
men_shirts_03,wardrobe_browse,shirts,men,outfit,men,COMMAND: style_ref=men_shirts_03 | category=wardrobe_browse | pipeline=men | tab=shirts | region=outfit | Change ONLY the men shirts garment to match reference image 2.
men_shirts_04,wardrobe_browse,shirts,men,outfit,men,COMMAND: style_ref=men_shirts_04 | category=wardrobe_browse | pipeline=men | tab=shirts | region=outfit | Change ONLY the men shirts garment to match reference image 2.
men_shirts_05,wardrobe_browse,shirts,men,outfit,men,COMMAND: style_ref=men_shirts_05 | category=wardrobe_browse | pipeline=men | tab=shirts | region=outfit | Change ONLY the men shirts garment to match reference image 2.
men_shirts_06,wardrobe_browse,shirts,men,outfit,men,COMMAND: style_ref=men_shirts_06 | category=wardrobe_browse | pipeline=men | tab=shirts | region=outfit | Change ONLY the men shirts garment to match reference image 2.
men_shirts_07,wardrobe_browse,shirts,men,outfit,men,COMMAND: style_ref=men_shirts_07 | category=wardrobe_browse | pipeline=men | tab=shirts | region=outfit | Change ONLY the men shirts garment to match reference image 2.
men_shirts_08,wardrobe_browse,shirts,men,outfit,men,COMMAND: style_ref=men_shirts_08 | category=wardrobe_browse | pipeline=men | tab=shirts | region=outfit | Change ONLY the men shirts garment to match reference image 2.
men_shirts_09,wardrobe_browse,shirts,men,outfit,men,COMMAND: style_ref=men_shirts_09 | category=wardrobe_browse | pipeline=men | tab=shirts | region=outfit | Change ONLY the men shirts garment to match reference image 2.
men_shirts_10,wardrobe_browse,shirts,men,outfit,men,COMMAND: style_ref=men_shirts_10 | category=wardrobe_browse | pipeline=men | tab=shirts | region=outfit | Change ONLY the men shirts garment to match reference image 2.
women_arabian_01,wardrobe_browse,arabian,women,outfit,women,COMMAND: style_ref=women_arabian_01 | category=wardrobe_browse | pipeline=women | tab=arabian | region=outfit | Change ONLY the women arabian garment to match reference image 2.
women_arabian_02,wardrobe_browse,arabian,women,outfit,women,COMMAND: style_ref=women_arabian_02 | category=wardrobe_browse | pipeline=women | tab=arabian | region=outfit | Change ONLY the women arabian garment to match reference image 2.
women_arabian_03,wardrobe_browse,arabian,women,outfit,women,COMMAND: style_ref=women_arabian_03 | category=wardrobe_browse | pipeline=women | tab=arabian | region=outfit | Change ONLY the women arabian garment to match reference image 2.
women_arabian_04,wardrobe_browse,arabian,women,outfit,women,COMMAND: style_ref=women_arabian_04 | category=wardrobe_browse | pipeline=women | tab=arabian | region=outfit | Change ONLY the women arabian garment to match reference image 2.
women_arabian_05,wardrobe_browse,arabian,women,outfit,women,COMMAND: style_ref=women_arabian_05 | category=wardrobe_browse | pipeline=women | tab=arabian | region=outfit | Change ONLY the women arabian garment to match reference image 2.
women_arabian_06,wardrobe_browse,arabian,women,outfit,women,COMMAND: style_ref=women_arabian_06 | category=wardrobe_browse | pipeline=women | tab=arabian | region=outfit | Change ONLY the women arabian garment to match reference image 2.
women_arabian_07,wardrobe_browse,arabian,women,outfit,women,COMMAND: style_ref=women_arabian_07 | category=wardrobe_browse | pipeline=women | tab=arabian | region=outfit | Change ONLY the women arabian garment to match reference image 2.
women_arabian_08,wardrobe_browse,arabian,women,outfit,women,COMMAND: style_ref=women_arabian_08 | category=wardrobe_browse | pipeline=women | tab=arabian | region=outfit | Change ONLY the women arabian garment to match reference image 2.
women_arabian_09,wardrobe_browse,arabian,women,outfit,women,COMMAND: style_ref=women_arabian_09 | category=wardrobe_browse | pipeline=women | tab=arabian | region=outfit | Change ONLY the women arabian garment to match reference image 2.
women_arabian_10,wardrobe_browse,arabian,women,outfit,women,COMMAND: style_ref=women_arabian_10 | category=wardrobe_browse | pipeline=women | tab=arabian | region=outfit | Change ONLY the women arabian garment to match reference image 2.
women_arabian_11,wardrobe_browse,arabian,women,outfit,women,COMMAND: style_ref=women_arabian_11 | category=wardrobe_browse | pipeline=women | tab=arabian | region=outfit | Change ONLY the women arabian garment to match reference image 2.
women_arabian_12,wardrobe_browse,arabian,women,outfit,women,COMMAND: style_ref=women_arabian_12 | category=wardrobe_browse | pipeline=women | tab=arabian | region=outfit | Change ONLY the women arabian garment to match reference image 2.
women_arabian_13,wardrobe_browse,arabian,women,outfit,women,COMMAND: style_ref=women_arabian_13 | category=wardrobe_browse | pipeline=women | tab=arabian | region=outfit | Change ONLY the women arabian garment to match reference image 2.
women_arabian_14,wardrobe_browse,arabian,women,outfit,women,COMMAND: style_ref=women_arabian_14 | category=wardrobe_browse | pipeline=women | tab=arabian | region=outfit | Change ONLY the women arabian garment to match reference image 2.
women_arabian_15,wardrobe_browse,arabian,women,outfit,women,COMMAND: style_ref=women_arabian_15 | category=wardrobe_browse | pipeline=women | tab=arabian | region=outfit | Change ONLY the women arabian garment to match reference image 2.
women_arabian_16,wardrobe_browse,arabian,women,outfit,women,COMMAND: style_ref=women_arabian_16 | category=wardrobe_browse | pipeline=women | tab=arabian | region=outfit | Change ONLY the women arabian garment to match reference image 2.
women_arabian_17,wardrobe_browse,arabian,women,outfit,women,COMMAND: style_ref=women_arabian_17 | category=wardrobe_browse | pipeline=women | tab=arabian | region=outfit | Change ONLY the women arabian garment to match reference image 2.
women_bottoms_01,wardrobe_browse,bottoms,women,outfit,women,COMMAND: style_ref=women_bottoms_01 | category=wardrobe_browse | pipeline=women | tab=bottoms | region=outfit | Change ONLY the women bottoms garment to match reference image 2.
women_bottoms_02,wardrobe_browse,bottoms,women,outfit,women,COMMAND: style_ref=women_bottoms_02 | category=wardrobe_browse | pipeline=women | tab=bottoms | region=outfit | Change ONLY the women bottoms garment to match reference image 2.
women_bottoms_03,wardrobe_browse,bottoms,women,outfit,women,COMMAND: style_ref=women_bottoms_03 | category=wardrobe_browse | pipeline=women | tab=bottoms | region=outfit | Change ONLY the women bottoms garment to match reference image 2.
women_bottoms_04,wardrobe_browse,bottoms,women,outfit,women,COMMAND: style_ref=women_bottoms_04 | category=wardrobe_browse | pipeline=women | tab=bottoms | region=outfit | Change ONLY the women bottoms garment to match reference image 2.
women_bottoms_05,wardrobe_browse,bottoms,women,outfit,women,COMMAND: style_ref=women_bottoms_05 | category=wardrobe_browse | pipeline=women | tab=bottoms | region=outfit | Change ONLY the women bottoms garment to match reference image 2.
women_bottoms_06,wardrobe_browse,bottoms,women,outfit,women,COMMAND: style_ref=women_bottoms_06 | category=wardrobe_browse | pipeline=women | tab=bottoms | region=outfit | Change ONLY the women bottoms garment to match reference image 2.
women_bottoms_07,wardrobe_browse,bottoms,women,outfit,women,COMMAND: style_ref=women_bottoms_07 | category=wardrobe_browse | pipeline=women | tab=bottoms | region=outfit | Change ONLY the women bottoms garment to match reference image 2.
women_bottoms_08,wardrobe_browse,bottoms,women,outfit,women,COMMAND: style_ref=women_bottoms_08 | category=wardrobe_browse | pipeline=women | tab=bottoms | region=outfit | Change ONLY the women bottoms garment to match reference image 2.
women_chinese_01,wardrobe_browse,chinese,women,outfit,women,COMMAND: style_ref=women_chinese_01 | category=wardrobe_browse | pipeline=women | tab=chinese | region=outfit | Change ONLY the women chinese garment to match reference image 2.
women_chinese_02,wardrobe_browse,chinese,women,outfit,women,COMMAND: style_ref=women_chinese_02 | category=wardrobe_browse | pipeline=women | tab=chinese | region=outfit | Change ONLY the women chinese garment to match reference image 2.
women_chinese_03,wardrobe_browse,chinese,women,outfit,women,COMMAND: style_ref=women_chinese_03 | category=wardrobe_browse | pipeline=women | tab=chinese | region=outfit | Change ONLY the women chinese garment to match reference image 2.
women_chinese_04,wardrobe_browse,chinese,women,outfit,women,COMMAND: style_ref=women_chinese_04 | category=wardrobe_browse | pipeline=women | tab=chinese | region=outfit | Change ONLY the women chinese garment to match reference image 2.
women_chinese_05,wardrobe_browse,chinese,women,outfit,women,COMMAND: style_ref=women_chinese_05 | category=wardrobe_browse | pipeline=women | tab=chinese | region=outfit | Change ONLY the women chinese garment to match reference image 2.
women_chinese_06,wardrobe_browse,chinese,women,outfit,women,COMMAND: style_ref=women_chinese_06 | category=wardrobe_browse | pipeline=women | tab=chinese | region=outfit | Change ONLY the women chinese garment to match reference image 2.
women_chinese_07,wardrobe_browse,chinese,women,outfit,women,COMMAND: style_ref=women_chinese_07 | category=wardrobe_browse | pipeline=women | tab=chinese | region=outfit | Change ONLY the women chinese garment to match reference image 2.
women_chinese_08,wardrobe_browse,chinese,women,outfit,women,COMMAND: style_ref=women_chinese_08 | category=wardrobe_browse | pipeline=women | tab=chinese | region=outfit | Change ONLY the women chinese garment to match reference image 2.
women_chinese_09,wardrobe_browse,chinese,women,outfit,women,COMMAND: style_ref=women_chinese_09 | category=wardrobe_browse | pipeline=women | tab=chinese | region=outfit | Change ONLY the women chinese garment to match reference image 2.
women_chinese_10,wardrobe_browse,chinese,women,outfit,women,COMMAND: style_ref=women_chinese_10 | category=wardrobe_browse | pipeline=women | tab=chinese | region=outfit | Change ONLY the women chinese garment to match reference image 2.
women_chinese_11,wardrobe_browse,chinese,women,outfit,women,COMMAND: style_ref=women_chinese_11 | category=wardrobe_browse | pipeline=women | tab=chinese | region=outfit | Change ONLY the women chinese garment to match reference image 2.
women_chinese_12,wardrobe_browse,chinese,women,outfit,women,COMMAND: style_ref=women_chinese_12 | category=wardrobe_browse | pipeline=women | tab=chinese | region=outfit | Change ONLY the women chinese garment to match reference image 2.
women_chinese_13,wardrobe_browse,chinese,women,outfit,women,COMMAND: style_ref=women_chinese_13 | category=wardrobe_browse | pipeline=women | tab=chinese | region=outfit | Change ONLY the women chinese garment to match reference image 2.
women_chinese_14,wardrobe_browse,chinese,women,outfit,women,COMMAND: style_ref=women_chinese_14 | category=wardrobe_browse | pipeline=women | tab=chinese | region=outfit | Change ONLY the women chinese garment to match reference image 2.
women_indian_01,wardrobe_browse,indian,women,outfit,women,COMMAND: style_ref=women_indian_01 | category=wardrobe_browse | pipeline=women | tab=indian | region=outfit | Change ONLY the women indian garment to match reference image 2.
women_indian_02,wardrobe_browse,indian,women,outfit,women,COMMAND: style_ref=women_indian_02 | category=wardrobe_browse | pipeline=women | tab=indian | region=outfit | Change ONLY the women indian garment to match reference image 2.
women_indian_03,wardrobe_browse,indian,women,outfit,women,COMMAND: style_ref=women_indian_03 | category=wardrobe_browse | pipeline=women | tab=indian | region=outfit | Change ONLY the women indian garment to match reference image 2.
women_indian_04,wardrobe_browse,indian,women,outfit,women,COMMAND: style_ref=women_indian_04 | category=wardrobe_browse | pipeline=women | tab=indian | region=outfit | Change ONLY the women indian garment to match reference image 2.
women_indian_05,wardrobe_browse,indian,women,outfit,women,COMMAND: style_ref=women_indian_05 | category=wardrobe_browse | pipeline=women | tab=indian | region=outfit | Change ONLY the women indian garment to match reference image 2.
women_indian_06,wardrobe_browse,indian,women,outfit,women,COMMAND: style_ref=women_indian_06 | category=wardrobe_browse | pipeline=women | tab=indian | region=outfit | Change ONLY the women indian garment to match reference image 2.
women_indian_07,wardrobe_browse,indian,women,outfit,women,COMMAND: style_ref=women_indian_07 | category=wardrobe_browse | pipeline=women | tab=indian | region=outfit | Change ONLY the women indian garment to match reference image 2.
women_indian_08,wardrobe_browse,indian,women,outfit,women,COMMAND: style_ref=women_indian_08 | category=wardrobe_browse | pipeline=women | tab=indian | region=outfit | Change ONLY the women indian garment to match reference image 2.
women_indian_09,wardrobe_browse,indian,women,outfit,women,COMMAND: style_ref=women_indian_09 | category=wardrobe_browse | pipeline=women | tab=indian | region=outfit | Change ONLY the women indian garment to match reference image 2.
women_indian_10,wardrobe_browse,indian,women,outfit,women,COMMAND: style_ref=women_indian_10 | category=wardrobe_browse | pipeline=women | tab=indian | region=outfit | Change ONLY the women indian garment to match reference image 2.
women_indian_11,wardrobe_browse,indian,women,outfit,women,COMMAND: style_ref=women_indian_11 | category=wardrobe_browse | pipeline=women | tab=indian | region=outfit | Change ONLY the women indian garment to match reference image 2.
women_indian_12,wardrobe_browse,indian,women,outfit,women,COMMAND: style_ref=women_indian_12 | category=wardrobe_browse | pipeline=women | tab=indian | region=outfit | Change ONLY the women indian garment to match reference image 2.
women_indian_13,wardrobe_browse,indian,women,outfit,women,COMMAND: style_ref=women_indian_13 | category=wardrobe_browse | pipeline=women | tab=indian | region=outfit | Change ONLY the women indian garment to match reference image 2.
women_indian_14,wardrobe_browse,indian,women,outfit,women,COMMAND: style_ref=women_indian_14 | category=wardrobe_browse | pipeline=women | tab=indian | region=outfit | Change ONLY the women indian garment to match reference image 2.
women_indian_15,wardrobe_browse,indian,women,outfit,women,COMMAND: style_ref=women_indian_15 | category=wardrobe_browse | pipeline=women | tab=indian | region=outfit | Change ONLY the women indian garment to match reference image 2.
women_jackets_01,wardrobe_browse,jackets,women,outfit,women,COMMAND: style_ref=women_jackets_01 | category=wardrobe_browse | pipeline=women | tab=jackets | region=outfit | Change ONLY the women jackets garment to match reference image 2.
women_jackets_02,wardrobe_browse,jackets,women,outfit,women,COMMAND: style_ref=women_jackets_02 | category=wardrobe_browse | pipeline=women | tab=jackets | region=outfit | Change ONLY the women jackets garment to match reference image 2.
women_jackets_03,wardrobe_browse,jackets,women,outfit,women,COMMAND: style_ref=women_jackets_03 | category=wardrobe_browse | pipeline=women | tab=jackets | region=outfit | Change ONLY the women jackets garment to match reference image 2.
women_jackets_04,wardrobe_browse,jackets,women,outfit,women,COMMAND: style_ref=women_jackets_04 | category=wardrobe_browse | pipeline=women | tab=jackets | region=outfit | Change ONLY the women jackets garment to match reference image 2.
women_jackets_05,wardrobe_browse,jackets,women,outfit,women,COMMAND: style_ref=women_jackets_05 | category=wardrobe_browse | pipeline=women | tab=jackets | region=outfit | Change ONLY the women jackets garment to match reference image 2.
women_jackets_06,wardrobe_browse,jackets,women,outfit,women,COMMAND: style_ref=women_jackets_06 | category=wardrobe_browse | pipeline=women | tab=jackets | region=outfit | Change ONLY the women jackets garment to match reference image 2.
women_jackets_07,wardrobe_browse,jackets,women,outfit,women,COMMAND: style_ref=women_jackets_07 | category=wardrobe_browse | pipeline=women | tab=jackets | region=outfit | Change ONLY the women jackets garment to match reference image 2.
women_jackets_08,wardrobe_browse,jackets,women,outfit,women,COMMAND: style_ref=women_jackets_08 | category=wardrobe_browse | pipeline=women | tab=jackets | region=outfit | Change ONLY the women jackets garment to match reference image 2.
women_jackets_09,wardrobe_browse,jackets,women,outfit,women,COMMAND: style_ref=women_jackets_09 | category=wardrobe_browse | pipeline=women | tab=jackets | region=outfit | Change ONLY the women jackets garment to match reference image 2.
women_jackets_10,wardrobe_browse,jackets,women,outfit,women,COMMAND: style_ref=women_jackets_10 | category=wardrobe_browse | pipeline=women | tab=jackets | region=outfit | Change ONLY the women jackets garment to match reference image 2.
women_jackets_11,wardrobe_browse,jackets,women,outfit,women,COMMAND: style_ref=women_jackets_11 | category=wardrobe_browse | pipeline=women | tab=jackets | region=outfit | Change ONLY the women jackets garment to match reference image 2.
women_jackets_12,wardrobe_browse,jackets,women,outfit,women,COMMAND: style_ref=women_jackets_12 | category=wardrobe_browse | pipeline=women | tab=jackets | region=outfit | Change ONLY the women jackets garment to match reference image 2.
women_jackets_13,wardrobe_browse,jackets,women,outfit,women,COMMAND: style_ref=women_jackets_13 | category=wardrobe_browse | pipeline=women | tab=jackets | region=outfit | Change ONLY the women jackets garment to match reference image 2.
women_jackets_14,wardrobe_browse,jackets,women,outfit,women,COMMAND: style_ref=women_jackets_14 | category=wardrobe_browse | pipeline=women | tab=jackets | region=outfit | Change ONLY the women jackets garment to match reference image 2.
women_jackets_15,wardrobe_browse,jackets,women,outfit,women,COMMAND: style_ref=women_jackets_15 | category=wardrobe_browse | pipeline=women | tab=jackets | region=outfit | Change ONLY the women jackets garment to match reference image 2.
women_jackets_16,wardrobe_browse,jackets,women,outfit,women,COMMAND: style_ref=women_jackets_16 | category=wardrobe_browse | pipeline=women | tab=jackets | region=outfit | Change ONLY the women jackets garment to match reference image 2.
women_jackets_17,wardrobe_browse,jackets,women,outfit,women,COMMAND: style_ref=women_jackets_17 | category=wardrobe_browse | pipeline=women | tab=jackets | region=outfit | Change ONLY the women jackets garment to match reference image 2.
women_jackets_18,wardrobe_browse,jackets,women,outfit,women,COMMAND: style_ref=women_jackets_18 | category=wardrobe_browse | pipeline=women | tab=jackets | region=outfit | Change ONLY the women jackets garment to match reference image 2.
women_jackets_19,wardrobe_browse,jackets,women,outfit,women,COMMAND: style_ref=women_jackets_19 | category=wardrobe_browse | pipeline=women | tab=jackets | region=outfit | Change ONLY the women jackets garment to match reference image 2.
women_jackets_20,wardrobe_browse,jackets,women,outfit,women,COMMAND: style_ref=women_jackets_20 | category=wardrobe_browse | pipeline=women | tab=jackets | region=outfit | Change ONLY the women jackets garment to match reference image 2.
women_jackets_21,wardrobe_browse,jackets,women,outfit,women,COMMAND: style_ref=women_jackets_21 | category=wardrobe_browse | pipeline=women | tab=jackets | region=outfit | Change ONLY the women jackets garment to match reference image 2.
women_korean_01,wardrobe_browse,korean,women,outfit,women,COMMAND: style_ref=women_korean_01 | category=wardrobe_browse | pipeline=women | tab=korean | region=outfit | Change ONLY the women korean garment to match reference image 2.
women_korean_02,wardrobe_browse,korean,women,outfit,women,COMMAND: style_ref=women_korean_02 | category=wardrobe_browse | pipeline=women | tab=korean | region=outfit | Change ONLY the women korean garment to match reference image 2.
women_korean_03,wardrobe_browse,korean,women,outfit,women,COMMAND: style_ref=women_korean_03 | category=wardrobe_browse | pipeline=women | tab=korean | region=outfit | Change ONLY the women korean garment to match reference image 2.
women_korean_04,wardrobe_browse,korean,women,outfit,women,COMMAND: style_ref=women_korean_04 | category=wardrobe_browse | pipeline=women | tab=korean | region=outfit | Change ONLY the women korean garment to match reference image 2.
women_korean_05,wardrobe_browse,korean,women,outfit,women,COMMAND: style_ref=women_korean_05 | category=wardrobe_browse | pipeline=women | tab=korean | region=outfit | Change ONLY the women korean garment to match reference image 2.
women_korean_06,wardrobe_browse,korean,women,outfit,women,COMMAND: style_ref=women_korean_06 | category=wardrobe_browse | pipeline=women | tab=korean | region=outfit | Change ONLY the women korean garment to match reference image 2.
women_korean_07,wardrobe_browse,korean,women,outfit,women,COMMAND: style_ref=women_korean_07 | category=wardrobe_browse | pipeline=women | tab=korean | region=outfit | Change ONLY the women korean garment to match reference image 2.
women_korean_08,wardrobe_browse,korean,women,outfit,women,COMMAND: style_ref=women_korean_08 | category=wardrobe_browse | pipeline=women | tab=korean | region=outfit | Change ONLY the women korean garment to match reference image 2.
women_korean_09,wardrobe_browse,korean,women,outfit,women,COMMAND: style_ref=women_korean_09 | category=wardrobe_browse | pipeline=women | tab=korean | region=outfit | Change ONLY the women korean garment to match reference image 2.
women_korean_10,wardrobe_browse,korean,women,outfit,women,COMMAND: style_ref=women_korean_10 | category=wardrobe_browse | pipeline=women | tab=korean | region=outfit | Change ONLY the women korean garment to match reference image 2.
women_korean_11,wardrobe_browse,korean,women,outfit,women,COMMAND: style_ref=women_korean_11 | category=wardrobe_browse | pipeline=women | tab=korean | region=outfit | Change ONLY the women korean garment to match reference image 2.
women_korean_12,wardrobe_browse,korean,women,outfit,women,COMMAND: style_ref=women_korean_12 | category=wardrobe_browse | pipeline=women | tab=korean | region=outfit | Change ONLY the women korean garment to match reference image 2.
women_korean_13,wardrobe_browse,korean,women,outfit,women,COMMAND: style_ref=women_korean_13 | category=wardrobe_browse | pipeline=women | tab=korean | region=outfit | Change ONLY the women korean garment to match reference image 2.
women_pakistani_01,wardrobe_browse,pakistani,women,outfit,women,COMMAND: style_ref=women_pakistani_01 | category=wardrobe_browse | pipeline=women | tab=pakistani | region=outfit | Change ONLY the women pakistani garment to match reference image 2.
women_pakistani_02,wardrobe_browse,pakistani,women,outfit,women,COMMAND: style_ref=women_pakistani_02 | category=wardrobe_browse | pipeline=women | tab=pakistani | region=outfit | Change ONLY the women pakistani garment to match reference image 2.
women_pakistani_03,wardrobe_browse,pakistani,women,outfit,women,COMMAND: style_ref=women_pakistani_03 | category=wardrobe_browse | pipeline=women | tab=pakistani | region=outfit | Change ONLY the women pakistani garment to match reference image 2.
women_pakistani_04,wardrobe_browse,pakistani,women,outfit,women,COMMAND: style_ref=women_pakistani_04 | category=wardrobe_browse | pipeline=women | tab=pakistani | region=outfit | Change ONLY the women pakistani garment to match reference image 2.
women_pakistani_05,wardrobe_browse,pakistani,women,outfit,women,COMMAND: style_ref=women_pakistani_05 | category=wardrobe_browse | pipeline=women | tab=pakistani | region=outfit | Change ONLY the women pakistani garment to match reference image 2.
women_pakistani_06,wardrobe_browse,pakistani,women,outfit,women,COMMAND: style_ref=women_pakistani_06 | category=wardrobe_browse | pipeline=women | tab=pakistani | region=outfit | Change ONLY the women pakistani garment to match reference image 2.
women_pakistani_07,wardrobe_browse,pakistani,women,outfit,women,COMMAND: style_ref=women_pakistani_07 | category=wardrobe_browse | pipeline=women | tab=pakistani | region=outfit | Change ONLY the women pakistani garment to match reference image 2.
women_pakistani_08,wardrobe_browse,pakistani,women,outfit,women,COMMAND: style_ref=women_pakistani_08 | category=wardrobe_browse | pipeline=women | tab=pakistani | region=outfit | Change ONLY the women pakistani garment to match reference image 2.
women_pakistani_09,wardrobe_browse,pakistani,women,outfit,women,COMMAND: style_ref=women_pakistani_09 | category=wardrobe_browse | pipeline=women | tab=pakistani | region=outfit | Change ONLY the women pakistani garment to match reference image 2.
women_pakistani_10,wardrobe_browse,pakistani,women,outfit,women,COMMAND: style_ref=women_pakistani_10 | category=wardrobe_browse | pipeline=women | tab=pakistani | region=outfit | Change ONLY the women pakistani garment to match reference image 2.
women_pakistani_11,wardrobe_browse,pakistani,women,outfit,women,COMMAND: style_ref=women_pakistani_11 | category=wardrobe_browse | pipeline=women | tab=pakistani | region=outfit | Change ONLY the women pakistani garment to match reference image 2.
women_pakistani_12,wardrobe_browse,pakistani,women,outfit,women,COMMAND: style_ref=women_pakistani_12 | category=wardrobe_browse | pipeline=women | tab=pakistani | region=outfit | Change ONLY the women pakistani garment to match reference image 2.
women_pakistani_13,wardrobe_browse,pakistani,women,outfit,women,COMMAND: style_ref=women_pakistani_13 | category=wardrobe_browse | pipeline=women | tab=pakistani | region=outfit | Change ONLY the women pakistani garment to match reference image 2.
women_pakistani_14,wardrobe_browse,pakistani,women,outfit,women,COMMAND: style_ref=women_pakistani_14 | category=wardrobe_browse | pipeline=women | tab=pakistani | region=outfit | Change ONLY the women pakistani garment to match reference image 2.
women_pakistani_15,wardrobe_browse,pakistani,women,outfit,women,COMMAND: style_ref=women_pakistani_15 | category=wardrobe_browse | pipeline=women | tab=pakistani | region=outfit | Change ONLY the women pakistani garment to match reference image 2.
women_pakistani_16,wardrobe_browse,pakistani,women,outfit,women,COMMAND: style_ref=women_pakistani_16 | category=wardrobe_browse | pipeline=women | tab=pakistani | region=outfit | Change ONLY the women pakistani garment to match reference image 2.
women_pakistani_17,wardrobe_browse,pakistani,women,outfit,women,COMMAND: style_ref=women_pakistani_17 | category=wardrobe_browse | pipeline=women | tab=pakistani | region=outfit | Change ONLY the women pakistani garment to match reference image 2.
women_pakistani_18,wardrobe_browse,pakistani,women,outfit,women,COMMAND: style_ref=women_pakistani_18 | category=wardrobe_browse | pipeline=women | tab=pakistani | region=outfit | Change ONLY the women pakistani garment to match reference image 2.
women_shirts_01,wardrobe_browse,shirts,women,outfit,women,COMMAND: style_ref=women_shirts_01 | category=wardrobe_browse | pipeline=women | tab=shirts | region=outfit | Change ONLY the women shirts garment to match reference image 2.
women_shirts_02,wardrobe_browse,shirts,women,outfit,women,COMMAND: style_ref=women_shirts_02 | category=wardrobe_browse | pipeline=women | tab=shirts | region=outfit | Change ONLY the women shirts garment to match reference image 2.
women_shirts_03,wardrobe_browse,shirts,women,outfit,women,COMMAND: style_ref=women_shirts_03 | category=wardrobe_browse | pipeline=women | tab=shirts | region=outfit | Change ONLY the women shirts garment to match reference image 2.
women_shirts_04,wardrobe_browse,shirts,women,outfit,women,COMMAND: style_ref=women_shirts_04 | category=wardrobe_browse | pipeline=women | tab=shirts | region=outfit | Change ONLY the women shirts garment to match reference image 2.
women_shirts_05,wardrobe_browse,shirts,women,outfit,women,COMMAND: style_ref=women_shirts_05 | category=wardrobe_browse | pipeline=women | tab=shirts | region=outfit | Change ONLY the women shirts garment to match reference image 2.
women_shirts_06,wardrobe_browse,shirts,women,outfit,women,COMMAND: style_ref=women_shirts_06 | category=wardrobe_browse | pipeline=women | tab=shirts | region=outfit | Change ONLY the women shirts garment to match reference image 2.
women_shirts_07,wardrobe_browse,shirts,women,outfit,women,COMMAND: style_ref=women_shirts_07 | category=wardrobe_browse | pipeline=women | tab=shirts | region=outfit | Change ONLY the women shirts garment to match reference image 2.
women_shirts_08,wardrobe_browse,shirts,women,outfit,women,COMMAND: style_ref=women_shirts_08 | category=wardrobe_browse | pipeline=women | tab=shirts | region=outfit | Change ONLY the women shirts garment to match reference image 2.
women_shirts_09,wardrobe_browse,shirts,women,outfit,women,COMMAND: style_ref=women_shirts_09 | category=wardrobe_browse | pipeline=women | tab=shirts | region=outfit | Change ONLY the women shirts garment to match reference image 2.
women_shirts_10,wardrobe_browse,shirts,women,outfit,women,COMMAND: style_ref=women_shirts_10 | category=wardrobe_browse | pipeline=women | tab=shirts | region=outfit | Change ONLY the women shirts garment to match reference image 2.
women_skirts_01,wardrobe_browse,skirts,women,outfit,women,COMMAND: style_ref=women_skirts_01 | category=wardrobe_browse | pipeline=women | tab=skirts | region=outfit | Change ONLY the women skirts garment to match reference image 2.
women_skirts_02,wardrobe_browse,skirts,women,outfit,women,COMMAND: style_ref=women_skirts_02 | category=wardrobe_browse | pipeline=women | tab=skirts | region=outfit | Change ONLY the women skirts garment to match reference image 2.
women_skirts_03,wardrobe_browse,skirts,women,outfit,women,COMMAND: style_ref=women_skirts_03 | category=wardrobe_browse | pipeline=women | tab=skirts | region=outfit | Change ONLY the women skirts garment to match reference image 2.
women_skirts_04,wardrobe_browse,skirts,women,outfit,women,COMMAND: style_ref=women_skirts_04 | category=wardrobe_browse | pipeline=women | tab=skirts | region=outfit | Change ONLY the women skirts garment to match reference image 2.
women_skirts_05,wardrobe_browse,skirts,women,outfit,women,COMMAND: style_ref=women_skirts_05 | category=wardrobe_browse | pipeline=women | tab=skirts | region=outfit | Change ONLY the women skirts garment to match reference image 2.
women_skirts_06,wardrobe_browse,skirts,women,outfit,women,COMMAND: style_ref=women_skirts_06 | category=wardrobe_browse | pipeline=women | tab=skirts | region=outfit | Change ONLY the women skirts garment to match reference image 2.
women_skirts_07,wardrobe_browse,skirts,women,outfit,women,COMMAND: style_ref=women_skirts_07 | category=wardrobe_browse | pipeline=women | tab=skirts | region=outfit | Change ONLY the women skirts garment to match reference image 2.
women_skirts_08,wardrobe_browse,skirts,women,outfit,women,COMMAND: style_ref=women_skirts_08 | category=wardrobe_browse | pipeline=women | tab=skirts | region=outfit | Change ONLY the women skirts garment to match reference image 2.
women_skirts_09,wardrobe_browse,skirts,women,outfit,women,COMMAND: style_ref=women_skirts_09 | category=wardrobe_browse | pipeline=women | tab=skirts | region=outfit | Change ONLY the women skirts garment to match reference image 2.
women_skirts_10,wardrobe_browse,skirts,women,outfit,women,COMMAND: style_ref=women_skirts_10 | category=wardrobe_browse | pipeline=women | tab=skirts | region=outfit | Change ONLY the women skirts garment to match reference image 2.
women_skirts_11,wardrobe_browse,skirts,women,outfit,women,COMMAND: style_ref=women_skirts_11 | category=wardrobe_browse | pipeline=women | tab=skirts | region=outfit | Change ONLY the women skirts garment to match reference image 2.
women_skirts_12,wardrobe_browse,skirts,women,outfit,women,COMMAND: style_ref=women_skirts_12 | category=wardrobe_browse | pipeline=women | tab=skirts | region=outfit | Change ONLY the women skirts garment to match reference image 2.
women_skirts_13,wardrobe_browse,skirts,women,outfit,women,COMMAND: style_ref=women_skirts_13 | category=wardrobe_browse | pipeline=women | tab=skirts | region=outfit | Change ONLY the women skirts garment to match reference image 2.
women_skirts_14,wardrobe_browse,skirts,women,outfit,women,COMMAND: style_ref=women_skirts_14 | category=wardrobe_browse | pipeline=women | tab=skirts | region=outfit | Change ONLY the women skirts garment to match reference image 2.
women_skirts_15,wardrobe_browse,skirts,women,outfit,women,COMMAND: style_ref=women_skirts_15 | category=wardrobe_browse | pipeline=women | tab=skirts | region=outfit | Change ONLY the women skirts garment to match reference image 2.
women_skirts_16,wardrobe_browse,skirts,women,outfit,women,COMMAND: style_ref=women_skirts_16 | category=wardrobe_browse | pipeline=women | tab=skirts | region=outfit | Change ONLY the women skirts garment to match reference image 2.
women_tops_01,wardrobe_browse,tops,women,outfit,women,COMMAND: style_ref=women_tops_01 | category=wardrobe_browse | pipeline=women | tab=tops | region=outfit | Change ONLY the women tops garment to match reference image 2.
women_tops_02,wardrobe_browse,tops,women,outfit,women,COMMAND: style_ref=women_tops_02 | category=wardrobe_browse | pipeline=women | tab=tops | region=outfit | Change ONLY the women tops garment to match reference image 2.
women_tops_03,wardrobe_browse,tops,women,outfit,women,COMMAND: style_ref=women_tops_03 | category=wardrobe_browse | pipeline=women | tab=tops | region=outfit | Change ONLY the women tops garment to match reference image 2.
women_tops_04,wardrobe_browse,tops,women,outfit,women,COMMAND: style_ref=women_tops_04 | category=wardrobe_browse | pipeline=women | tab=tops | region=outfit | Change ONLY the women tops garment to match reference image 2.
women_tops_05,wardrobe_browse,tops,women,outfit,women,COMMAND: style_ref=women_tops_05 | category=wardrobe_browse | pipeline=women | tab=tops | region=outfit | Change ONLY the women tops garment to match reference image 2.
women_tops_06,wardrobe_browse,tops,women,outfit,women,COMMAND: style_ref=women_tops_06 | category=wardrobe_browse | pipeline=women | tab=tops | region=outfit | Change ONLY the women tops garment to match reference image 2.
women_tops_07,wardrobe_browse,tops,women,outfit,women,COMMAND: style_ref=women_tops_07 | category=wardrobe_browse | pipeline=women | tab=tops | region=outfit | Change ONLY the women tops garment to match reference image 2.
women_tops_08,wardrobe_browse,tops,women,outfit,women,COMMAND: style_ref=women_tops_08 | category=wardrobe_browse | pipeline=women | tab=tops | region=outfit | Change ONLY the women tops garment to match reference image 2.
women_tops_09,wardrobe_browse,tops,women,outfit,women,COMMAND: style_ref=women_tops_09 | category=wardrobe_browse | pipeline=women | tab=tops | region=outfit | Change ONLY the women tops garment to match reference image 2.
women_tops_10,wardrobe_browse,tops,women,outfit,women,COMMAND: style_ref=women_tops_10 | category=wardrobe_browse | pipeline=women | tab=tops | region=outfit | Change ONLY the women tops garment to match reference image 2.
women_tops_11,wardrobe_browse,tops,women,outfit,women,COMMAND: style_ref=women_tops_11 | category=wardrobe_browse | pipeline=women | tab=tops | region=outfit | Change ONLY the women tops garment to match reference image 2.
