style_id,category_id,title_key,gender,tab_id,sort_order,local_asset_path,suggested_image_url_path,api_catalog,api_query_example
men_beard_01,beard_styles,homeBeardStyles,men,,1,assets/images/home/men/beauty-lab/beard-styles/style_01.png,/media/catalog/beard_styles/men_beard_01.webp,GET /catalog/beard_styles,gender=men
men_beard_02,beard_styles,homeBeardStyles,men,,2,assets/images/home/men/beauty-lab/beard-styles/style_02.png,/media/catalog/beard_styles/men_beard_02.webp,GET /catalog/beard_styles,gender=men
men_beard_03,beard_styles,homeBeardStyles,men,,3,assets/images/home/men/beauty-lab/beard-styles/style_03.png,/media/catalog/beard_styles/men_beard_03.webp,GET /catalog/beard_styles,gender=men
men_beard_04,beard_styles,homeBeardStyles,men,,4,assets/images/home/men/beauty-lab/beard-styles/style_04.png,/media/catalog/beard_styles/men_beard_04.webp,GET /catalog/beard_styles,gender=men
men_beard_05,beard_styles,homeBeardStyles,men,,5,assets/images/home/men/beauty-lab/beard-styles/style_05.png,/media/catalog/beard_styles/men_beard_05.webp,GET /catalog/beard_styles,gender=men
men_beard_06,beard_styles,homeBeardStyles,men,,6,assets/images/home/men/beauty-lab/beard-styles/style_06.png,/media/catalog/beard_styles/men_beard_06.webp,GET /catalog/beard_styles,gender=men
men_beard_07,beard_styles,homeBeardStyles,men,,7,assets/images/home/men/beauty-lab/beard-styles/style_07.png,/media/catalog/beard_styles/men_beard_07.webp,GET /catalog/beard_styles,gender=men
men_beard_08,beard_styles,homeBeardStyles,men,,8,assets/images/home/men/beauty-lab/beard-styles/style_08.png,/media/catalog/beard_styles/men_beard_08.webp,GET /catalog/beard_styles,gender=men
men_beard_09,beard_styles,homeBeardStyles,men,,9,assets/images/home/men/beauty-lab/beard-styles/style_09.png,/media/catalog/beard_styles/men_beard_09.webp,GET /catalog/beard_styles,gender=men
men_beard_10,beard_styles,homeBeardStyles,men,,10,assets/images/home/men/beauty-lab/beard-styles/style_10.png,/media/catalog/beard_styles/men_beard_10.webp,GET /catalog/beard_styles,gender=men
couple_01,couple_duo,homeCoupleDuoStyles,,,1,assets/images/home/couple-duo/style_01.png,/media/catalog/couple_duo/couple_01.webp,GET /catalog/couple_duo,
couple_02,couple_duo,homeCoupleDuoStyles,,,2,assets/images/home/couple-duo/style_02.png,/media/catalog/couple_duo/couple_02.webp,GET /catalog/couple_duo,
couple_03,couple_duo,homeCoupleDuoStyles,,,3,assets/images/home/couple-duo/style_03.png,/media/catalog/couple_duo/couple_03.webp,GET /catalog/couple_duo,
couple_04,couple_duo,homeCoupleDuoStyles,,,4,assets/images/home/couple-duo/style_04.png,/media/catalog/couple_duo/couple_04.webp,GET /catalog/couple_duo,
couple_05,couple_duo,homeCoupleDuoStyles,,,5,assets/images/home/couple-duo/style_05.png,/media/catalog/couple_duo/couple_05.webp,GET /catalog/couple_duo,
couple_06,couple_duo,homeCoupleDuoStyles,,,6,assets/images/home/couple-duo/style_06.png,/media/catalog/couple_duo/couple_06.webp,GET /catalog/couple_duo,
couple_07,couple_duo,homeCoupleDuoStyles,,,7,assets/images/home/couple-duo/style_07.png,/media/catalog/couple_duo/couple_07.webp,GET /catalog/couple_duo,
couple_08,couple_duo,homeCoupleDuoStyles,,,8,assets/images/home/couple-duo/style_08.png,/media/catalog/couple_duo/couple_08.webp,GET /catalog/couple_duo,
couple_09,couple_duo,homeCoupleDuoStyles,,,9,assets/images/home/couple-duo/style_09.png,/media/catalog/couple_duo/couple_09.webp,GET /catalog/couple_duo,
couple_10,couple_duo,homeCoupleDuoStyles,,,10,assets/images/home/couple-duo/style_10.png,/media/catalog/couple_duo/couple_10.webp,GET /catalog/couple_duo,
couple_11,couple_duo,homeCoupleDuoStyles,,,11,assets/images/home/couple-duo/style_11.png,/media/catalog/couple_duo/couple_11.webp,GET /catalog/couple_duo,
men_hair_color_01,hair_color,homeHairColor,men,men,1,assets/images/home/men/beauty-lab/hair-color/style_01.png,/media/catalog/hair_color/men_hair_color_01.webp,GET /catalog/hair_color,gender=men&tab=men
men_hair_color_02,hair_color,homeHairColor,men,men,2,assets/images/home/men/beauty-lab/hair-color/style_02.png,/media/catalog/hair_color/men_hair_color_02.webp,GET /catalog/hair_color,gender=men&tab=men
men_hair_color_03,hair_color,homeHairColor,men,men,3,assets/images/home/men/beauty-lab/hair-color/style_03.png,/media/catalog/hair_color/men_hair_color_03.webp,GET /catalog/hair_color,gender=men&tab=men
men_hair_color_04,hair_color,homeHairColor,men,men,4,assets/images/home/men/beauty-lab/hair-color/style_04.png,/media/catalog/hair_color/men_hair_color_04.webp,GET /catalog/hair_color,gender=men&tab=men
men_hair_color_05,hair_color,homeHairColor,men,men,5,assets/images/home/men/beauty-lab/hair-color/style_05.png,/media/catalog/hair_color/men_hair_color_05.webp,GET /catalog/hair_color,gender=men&tab=men
men_hair_color_06,hair_color,homeHairColor,men,men,6,assets/images/home/men/beauty-lab/hair-color/style_06.png,/media/catalog/hair_color/men_hair_color_06.webp,GET /catalog/hair_color,gender=men&tab=men
men_hair_color_07,hair_color,homeHairColor,men,men,7,assets/images/home/men/beauty-lab/hair-color/style_07.png,/media/catalog/hair_color/men_hair_color_07.webp,GET /catalog/hair_color,gender=men&tab=men
men_hair_color_08,hair_color,homeHairColor,men,men,8,assets/images/home/men/beauty-lab/hair-color/style_08.png,/media/catalog/hair_color/men_hair_color_08.webp,GET /catalog/hair_color,gender=men&tab=men
men_hair_color_09,hair_color,homeHairColor,men,men,9,assets/images/home/men/beauty-lab/hair-color/style_09.png,/media/catalog/hair_color/men_hair_color_09.webp,GET /catalog/hair_color,gender=men&tab=men
men_hair_color_10,hair_color,homeHairColor,men,men,10,assets/images/home/men/beauty-lab/hair-color/style_10.png,/media/catalog/hair_color/men_hair_color_10.webp,GET /catalog/hair_color,gender=men&tab=men
women_hair_color_01,hair_color,homeHairColor,women,women,1,assets/images/home/women/beauty-lab/hair-color/style_01.png,/media/catalog/hair_color/women_hair_color_01.webp,GET /catalog/hair_color,gender=women&tab=women
women_hair_color_02,hair_color,homeHairColor,women,women,2,assets/images/home/women/beauty-lab/hair-color/style_02.png,/media/catalog/hair_color/women_hair_color_02.webp,GET /catalog/hair_color,gender=women&tab=women
women_hair_color_03,hair_color,homeHairColor,women,women,3,assets/images/home/women/beauty-lab/hair-color/style_03.png,/media/catalog/hair_color/women_hair_color_03.webp,GET /catalog/hair_color,gender=women&tab=women
women_hair_color_04,hair_color,homeHairColor,women,women,4,assets/images/home/women/beauty-lab/hair-color/style_04.png,/media/catalog/hair_color/women_hair_color_04.webp,GET /catalog/hair_color,gender=women&tab=women
women_hair_color_05,hair_color,homeHairColor,women,women,5,assets/images/home/women/beauty-lab/hair-color/style_05.png,/media/catalog/hair_color/women_hair_color_05.webp,GET /catalog/hair_color,gender=women&tab=women
women_hair_color_06,hair_color,homeHairColor,women,women,6,assets/images/home/women/beauty-lab/hair-color/style_06.png,/media/catalog/hair_color/women_hair_color_06.webp,GET /catalog/hair_color,gender=women&tab=women
women_hair_color_07,hair_color,homeHairColor,women,women,7,assets/images/home/women/beauty-lab/hair-color/style_07.png,/media/catalog/hair_color/women_hair_color_07.webp,GET /catalog/hair_color,gender=women&tab=women
women_hair_color_08,hair_color,homeHairColor,women,women,8,assets/images/home/women/beauty-lab/hair-color/style_08.png,/media/catalog/hair_color/women_hair_color_08.webp,GET /catalog/hair_color,gender=women&tab=women
women_hair_color_09,hair_color,homeHairColor,women,women,9,assets/images/home/women/beauty-lab/hair-color/style_09.png,/media/catalog/hair_color/women_hair_color_09.webp,GET /catalog/hair_color,gender=women&tab=women
women_hair_color_10,hair_color,homeHairColor,women,women,10,assets/images/home/women/beauty-lab/hair-color/style_10.png,/media/catalog/hair_color/women_hair_color_10.webp,GET /catalog/hair_color,gender=women&tab=women
men_hair_styles_01,hair_styles,homeHairStyles,men,men,1,assets/images/home/men/beauty-lab/hair-styles/style_01.png,/media/catalog/hair_styles/men_hair_styles_01.webp,GET /catalog/hair_styles,gender=men&tab=men
men_hair_styles_02,hair_styles,homeHairStyles,men,men,2,assets/images/home/men/beauty-lab/hair-styles/style_02.png,/media/catalog/hair_styles/men_hair_styles_02.webp,GET /catalog/hair_styles,gender=men&tab=men
men_hair_styles_03,hair_styles,homeHairStyles,men,men,3,assets/images/home/men/beauty-lab/hair-styles/style_03.png,/media/catalog/hair_styles/men_hair_styles_03.webp,GET /catalog/hair_styles,gender=men&tab=men
men_hair_styles_04,hair_styles,homeHairStyles,men,men,4,assets/images/home/men/beauty-lab/hair-styles/style_04.png,/media/catalog/hair_styles/men_hair_styles_04.webp,GET /catalog/hair_styles,gender=men&tab=men
men_hair_styles_05,hair_styles,homeHairStyles,men,men,5,assets/images/home/men/beauty-lab/hair-styles/style_05.png,/media/catalog/hair_styles/men_hair_styles_05.webp,GET /catalog/hair_styles,gender=men&tab=men
men_hair_styles_06,hair_styles,homeHairStyles,men,men,6,assets/images/home/men/beauty-lab/hair-styles/style_06.png,/media/catalog/hair_styles/men_hair_styles_06.webp,GET /catalog/hair_styles,gender=men&tab=men
men_hair_styles_07,hair_styles,homeHairStyles,men,men,7,assets/images/home/men/beauty-lab/hair-styles/style_07.png,/media/catalog/hair_styles/men_hair_styles_07.webp,GET /catalog/hair_styles,gender=men&tab=men
men_hair_styles_08,hair_styles,homeHairStyles,men,men,8,assets/images/home/men/beauty-lab/hair-styles/style_08.png,/media/catalog/hair_styles/men_hair_styles_08.webp,GET /catalog/hair_styles,gender=men&tab=men
women_hair_styles_01,hair_styles,homeHairStyles,women,women,1,assets/images/home/women/beauty-lab/hair-styles/style_01.png,/media/catalog/hair_styles/women_hair_styles_01.webp,GET /catalog/hair_styles,gender=women&tab=women
women_hair_styles_02,hair_styles,homeHairStyles,women,women,2,assets/images/home/women/beauty-lab/hair-styles/style_02.png,/media/catalog/hair_styles/women_hair_styles_02.webp,GET /catalog/hair_styles,gender=women&tab=women
women_hair_styles_03,hair_styles,homeHairStyles,women,women,3,assets/images/home/women/beauty-lab/hair-styles/style_03.png,/media/catalog/hair_styles/women_hair_styles_03.webp,GET /catalog/hair_styles,gender=women&tab=women
women_hair_styles_04,hair_styles,homeHairStyles,women,women,4,assets/images/home/women/beauty-lab/hair-styles/style_04.png,/media/catalog/hair_styles/women_hair_styles_04.webp,GET /catalog/hair_styles,gender=women&tab=women
women_hair_styles_05,hair_styles,homeHairStyles,women,women,5,assets/images/home/women/beauty-lab/hair-styles/style_05.png,/media/catalog/hair_styles/women_hair_styles_05.webp,GET /catalog/hair_styles,gender=women&tab=women
women_hair_styles_06,hair_styles,homeHairStyles,women,women,6,assets/images/home/women/beauty-lab/hair-styles/style_06.png,/media/catalog/hair_styles/women_hair_styles_06.webp,GET /catalog/hair_styles,gender=women&tab=women
women_hair_styles_07,hair_styles,homeHairStyles,women,women,7,assets/images/home/women/beauty-lab/hair-styles/style_07.png,/media/catalog/hair_styles/women_hair_styles_07.webp,GET /catalog/hair_styles,gender=women&tab=women
women_hair_styles_08,hair_styles,homeHairStyles,women,women,8,assets/images/home/women/beauty-lab/hair-styles/style_08.png,/media/catalog/hair_styles/women_hair_styles_08.webp,GET /catalog/hair_styles,gender=women&tab=women
women_hijab_01,hijab_styles,homeHijabStyles,women,,1,assets/images/home/women/beauty-lab/hijab-styles/style_01.png,/media/catalog/hijab_styles/women_hijab_01.webp,GET /catalog/hijab_styles,gender=women
women_hijab_02,hijab_styles,homeHijabStyles,women,,2,assets/images/home/women/beauty-lab/hijab-styles/style_02.png,/media/catalog/hijab_styles/women_hijab_02.webp,GET /catalog/hijab_styles,gender=women
women_hijab_03,hijab_styles,homeHijabStyles,women,,3,assets/images/home/women/beauty-lab/hijab-styles/style_03.png,/media/catalog/hijab_styles/women_hijab_03.webp,GET /catalog/hijab_styles,gender=women
women_hijab_04,hijab_styles,homeHijabStyles,women,,4,assets/images/home/women/beauty-lab/hijab-styles/style_04.png,/media/catalog/hijab_styles/women_hijab_04.webp,GET /catalog/hijab_styles,gender=women
women_hijab_05,hijab_styles,homeHijabStyles,women,,5,assets/images/home/women/beauty-lab/hijab-styles/style_05.png,/media/catalog/hijab_styles/women_hijab_05.webp,GET /catalog/hijab_styles,gender=women
women_hijab_06,hijab_styles,homeHijabStyles,women,,6,assets/images/home/women/beauty-lab/hijab-styles/style_06.png,/media/catalog/hijab_styles/women_hijab_06.webp,GET /catalog/hijab_styles,gender=women
women_hijab_07,hijab_styles,homeHijabStyles,women,,7,assets/images/home/women/beauty-lab/hijab-styles/style_07.png,/media/catalog/hijab_styles/women_hijab_07.webp,GET /catalog/hijab_styles,gender=women
women_hijab_08,hijab_styles,homeHijabStyles,women,,8,assets/images/home/women/beauty-lab/hijab-styles/style_08.png,/media/catalog/hijab_styles/women_hijab_08.webp,GET /catalog/hijab_styles,gender=women
women_hijab_09,hijab_styles,homeHijabStyles,women,,9,assets/images/home/women/beauty-lab/hijab-styles/style_09.png,/media/catalog/hijab_styles/women_hijab_09.webp,GET /catalog/hijab_styles,gender=women
women_hijab_10,hijab_styles,homeHijabStyles,women,,10,assets/images/home/women/beauty-lab/hijab-styles/style_10.png,/media/catalog/hijab_styles/women_hijab_10.webp,GET /catalog/hijab_styles,gender=women
men_casual_01,occasions,homePickLookOccasions,men,casual,1,assets/images/home/men/occasions/casual/style_01.png,/media/catalog/occasions/men_casual_01.webp,GET /catalog/occasions,gender=men&tab=casual
men_casual_02,occasions,homePickLookOccasions,men,casual,2,assets/images/home/men/occasions/casual/style_02.png,/media/catalog/occasions/men_casual_02.webp,GET /catalog/occasions,gender=men&tab=casual
men_casual_03,occasions,homePickLookOccasions,men,casual,3,assets/images/home/men/occasions/casual/style_03.png,/media/catalog/occasions/men_casual_03.webp,GET /catalog/occasions,gender=men&tab=casual
men_casual_04,occasions,homePickLookOccasions,men,casual,4,assets/images/home/men/occasions/casual/style_04.png,/media/catalog/occasions/men_casual_04.webp,GET /catalog/occasions,gender=men&tab=casual
men_casual_05,occasions,homePickLookOccasions,men,casual,5,assets/images/home/men/occasions/casual/style_05.png,/media/catalog/occasions/men_casual_05.webp,GET /catalog/occasions,gender=men&tab=casual
men_casual_06,occasions,homePickLookOccasions,men,casual,6,assets/images/home/men/occasions/casual/style_06.png,/media/catalog/occasions/men_casual_06.webp,GET /catalog/occasions,gender=men&tab=casual
men_casual_07,occasions,homePickLookOccasions,men,casual,7,assets/images/home/men/occasions/casual/style_07.png,/media/catalog/occasions/men_casual_07.webp,GET /catalog/occasions,gender=men&tab=casual
men_casual_08,occasions,homePickLookOccasions,men,casual,8,assets/images/home/men/occasions/casual/style_08.png,/media/catalog/occasions/men_casual_08.webp,GET /catalog/occasions,gender=men&tab=casual
men_casual_09,occasions,homePickLookOccasions,men,casual,9,assets/images/home/men/occasions/casual/style_09.png,/media/catalog/occasions/men_casual_09.webp,GET /catalog/occasions,gender=men&tab=casual
men_casual_10,occasions,homePickLookOccasions,men,casual,10,assets/images/home/men/occasions/casual/style_10.png,/media/catalog/occasions/men_casual_10.webp,GET /catalog/occasions,gender=men&tab=casual
men_formal_01,occasions,homePickLookOccasions,men,formal,1,assets/images/home/men/occasions/formal/style_01.png,/media/catalog/occasions/men_formal_01.webp,GET /catalog/occasions,gender=men&tab=formal
men_formal_02,occasions,homePickLookOccasions,men,formal,2,assets/images/home/men/occasions/formal/style_02.png,/media/catalog/occasions/men_formal_02.webp,GET /catalog/occasions,gender=men&tab=formal
men_formal_03,occasions,homePickLookOccasions,men,formal,3,assets/images/home/men/occasions/formal/style_03.png,/media/catalog/occasions/men_formal_03.webp,GET /catalog/occasions,gender=men&tab=formal
men_formal_04,occasions,homePickLookOccasions,men,formal,4,assets/images/home/men/occasions/formal/style_04.png,/media/catalog/occasions/men_formal_04.webp,GET /catalog/occasions,gender=men&tab=formal
men_formal_05,occasions,homePickLookOccasions,men,formal,5,assets/images/home/men/occasions/formal/style_05.png,/media/catalog/occasions/men_formal_05.webp,GET /catalog/occasions,gender=men&tab=formal
men_formal_06,occasions,homePickLookOccasions,men,formal,6,assets/images/home/men/occasions/formal/style_06.png,/media/catalog/occasions/men_formal_06.webp,GET /catalog/occasions,gender=men&tab=formal
men_formal_07,occasions,homePickLookOccasions,men,formal,7,assets/images/home/men/occasions/formal/style_07.png,/media/catalog/occasions/men_formal_07.webp,GET /catalog/occasions,gender=men&tab=formal
men_formal_08,occasions,homePickLookOccasions,men,formal,8,assets/images/home/men/occasions/formal/style_08.png,/media/catalog/occasions/men_formal_08.webp,GET /catalog/occasions,gender=men&tab=formal
men_formal_09,occasions,homePickLookOccasions,men,formal,9,assets/images/home/men/occasions/formal/style_09.png,/media/catalog/occasions/men_formal_09.webp,GET /catalog/occasions,gender=men&tab=formal
men_formal_10,occasions,homePickLookOccasions,men,formal,10,assets/images/home/men/occasions/formal/style_10.png,/media/catalog/occasions/men_formal_10.webp,GET /catalog/occasions,gender=men&tab=formal
women_casual_01,occasions,homePickLookOccasions,women,casual,1,assets/images/home/women/occasions/casual/style_01.png,/media/catalog/occasions/women_casual_01.webp,GET /catalog/occasions,gender=women&tab=casual
women_casual_02,occasions,homePickLookOccasions,women,casual,2,assets/images/home/women/occasions/casual/style_02.png,/media/catalog/occasions/women_casual_02.webp,GET /catalog/occasions,gender=women&tab=casual
women_casual_03,occasions,homePickLookOccasions,women,casual,3,assets/images/home/women/occasions/casual/style_03.png,/media/catalog/occasions/women_casual_03.webp,GET /catalog/occasions,gender=women&tab=casual
women_casual_04,occasions,homePickLookOccasions,women,casual,4,assets/images/home/women/occasions/casual/style_04.png,/media/catalog/occasions/women_casual_04.webp,GET /catalog/occasions,gender=women&tab=casual
women_casual_05,occasions,homePickLookOccasions,women,casual,5,assets/images/home/women/occasions/casual/style_05.png,/media/catalog/occasions/women_casual_05.webp,GET /catalog/occasions,gender=women&tab=casual
women_casual_06,occasions,homePickLookOccasions,women,casual,6,assets/images/home/women/occasions/casual/style_06.png,/media/catalog/occasions/women_casual_06.webp,GET /catalog/occasions,gender=women&tab=casual
women_casual_07,occasions,homePickLookOccasions,women,casual,7,assets/images/home/women/occasions/casual/style_07.png,/media/catalog/occasions/women_casual_07.webp,GET /catalog/occasions,gender=women&tab=casual
women_casual_08,occasions,homePickLookOccasions,women,casual,8,assets/images/home/women/occasions/casual/style_08.png,/media/catalog/occasions/women_casual_08.webp,GET /catalog/occasions,gender=women&tab=casual
women_casual_09,occasions,homePickLookOccasions,women,casual,9,assets/images/home/women/occasions/casual/style_09.png,/media/catalog/occasions/women_casual_09.webp,GET /catalog/occasions,gender=women&tab=casual
women_casual_10,occasions,homePickLookOccasions,women,casual,10,assets/images/home/women/occasions/casual/style_10.png,/media/catalog/occasions/women_casual_10.webp,GET /catalog/occasions,gender=women&tab=casual
women_formal_01,occasions,homePickLookOccasions,women,formal,1,assets/images/home/women/occasions/formal/style_01.png,/media/catalog/occasions/women_formal_01.webp,GET /catalog/occasions,gender=women&tab=formal
women_formal_02,occasions,homePickLookOccasions,women,formal,2,assets/images/home/women/occasions/formal/style_02.png,/media/catalog/occasions/women_formal_02.webp,GET /catalog/occasions,gender=women&tab=formal
women_formal_03,occasions,homePickLookOccasions,women,formal,3,assets/images/home/women/occasions/formal/style_03.png,/media/catalog/occasions/women_formal_03.webp,GET /catalog/occasions,gender=women&tab=formal
women_formal_04,occasions,homePickLookOccasions,women,formal,4,assets/images/home/women/occasions/formal/style_04.png,/media/catalog/occasions/women_formal_04.webp,GET /catalog/occasions,gender=women&tab=formal
women_formal_05,occasions,homePickLookOccasions,women,formal,5,assets/images/home/women/occasions/formal/style_05.png,/media/catalog/occasions/women_formal_05.webp,GET /catalog/occasions,gender=women&tab=formal
women_formal_06,occasions,homePickLookOccasions,women,formal,6,assets/images/home/women/occasions/formal/style_06.png,/media/catalog/occasions/women_formal_06.webp,GET /catalog/occasions,gender=women&tab=formal
women_formal_07,occasions,homePickLookOccasions,women,formal,7,assets/images/home/women/occasions/formal/style_07.png,/media/catalog/occasions/women_formal_07.webp,GET /catalog/occasions,gender=women&tab=formal
women_formal_08,occasions,homePickLookOccasions,women,formal,8,assets/images/home/women/occasions/formal/style_08.png,/media/catalog/occasions/women_formal_08.webp,GET /catalog/occasions,gender=women&tab=formal
women_formal_09,occasions,homePickLookOccasions,women,formal,9,assets/images/home/women/occasions/formal/style_09.png,/media/catalog/occasions/women_formal_09.webp,GET /catalog/occasions,gender=women&tab=formal
women_formal_10,occasions,homePickLookOccasions,women,formal,10,assets/images/home/women/occasions/formal/style_10.png,/media/catalog/occasions/women_formal_10.webp,GET /catalog/occasions,gender=women&tab=formal
women_wedding_01,occasions,homePickLookOccasions,women,wedding,1,assets/images/home/women/occasions/wedding/style_01.png,/media/catalog/occasions/women_wedding_01.webp,GET /catalog/occasions,gender=women&tab=wedding
women_wedding_02,occasions,homePickLookOccasions,women,wedding,2,assets/images/home/women/occasions/wedding/style_02.png,/media/catalog/occasions/women_wedding_02.webp,GET /catalog/occasions,gender=women&tab=wedding
women_wedding_03,occasions,homePickLookOccasions,women,wedding,3,assets/images/home/women/occasions/wedding/style_03.png,/media/catalog/occasions/women_wedding_03.webp,GET /catalog/occasions,gender=women&tab=wedding
women_wedding_04,occasions,homePickLookOccasions,women,wedding,4,assets/images/home/women/occasions/wedding/style_04.png,/media/catalog/occasions/women_wedding_04.webp,GET /catalog/occasions,gender=women&tab=wedding
women_wedding_05,occasions,homePickLookOccasions,women,wedding,5,assets/images/home/women/occasions/wedding/style_05.png,/media/catalog/occasions/women_wedding_05.webp,GET /catalog/occasions,gender=women&tab=wedding
women_wedding_06,occasions,homePickLookOccasions,women,wedding,6,assets/images/home/women/occasions/wedding/style_06.png,/media/catalog/occasions/women_wedding_06.webp,GET /catalog/occasions,gender=women&tab=wedding
women_wedding_07,occasions,homePickLookOccasions,women,wedding,7,assets/images/home/women/occasions/wedding/style_07.png,/media/catalog/occasions/women_wedding_07.webp,GET /catalog/occasions,gender=women&tab=wedding
women_wedding_08,occasions,homePickLookOccasions,women,wedding,8,assets/images/home/women/occasions/wedding/style_08.png,/media/catalog/occasions/women_wedding_08.webp,GET /catalog/occasions,gender=women&tab=wedding
women_wedding_09,occasions,homePickLookOccasions,women,wedding,9,assets/images/home/women/occasions/wedding/style_09.png,/media/catalog/occasions/women_wedding_09.webp,GET /catalog/occasions,gender=women&tab=wedding
women_wedding_10,occasions,homePickLookOccasions,women,wedding,10,assets/images/home/women/occasions/wedding/style_10.png,/media/catalog/occasions/women_wedding_10.webp,GET /catalog/occasions,gender=women&tab=wedding
men_outfit_change_01,outfit_change,homeOutfitChange,men,,1,assets/images/home/men/outfit-change/style_01.png,/media/catalog/outfit_change/men_outfit_change_01.webp,GET /catalog/outfit_change,gender=men
men_outfit_change_02,outfit_change,homeOutfitChange,men,,2,assets/images/home/men/outfit-change/style_02.png,/media/catalog/outfit_change/men_outfit_change_02.webp,GET /catalog/outfit_change,gender=men
women_outfit_change_01,outfit_change,homeOutfitChange,women,,1,assets/images/home/women/outfit-change/style_01.png,/media/catalog/outfit_change/women_outfit_change_01.webp,GET /catalog/outfit_change,gender=women
women_outfit_change_02,outfit_change,homeOutfitChange,women,,2,assets/images/home/women/outfit-change/style_02.png,/media/catalog/outfit_change/women_outfit_change_02.webp,GET /catalog/outfit_change,gender=women
women_outfit_change_03,outfit_change,homeOutfitChange,women,,3,assets/images/home/women/outfit-change/style_03.png,/media/catalog/outfit_change/women_outfit_change_03.webp,GET /catalog/outfit_change,gender=women
women_outfit_change_04,outfit_change,homeOutfitChange,women,,4,assets/images/home/women/outfit-change/style_04.png,/media/catalog/outfit_change/women_outfit_change_04.webp,GET /catalog/outfit_change,gender=women
women_outfit_change_05,outfit_change,homeOutfitChange,women,,5,assets/images/home/women/outfit-change/style_05.png,/media/catalog/outfit_change/women_outfit_change_05.webp,GET /catalog/outfit_change,gender=women
women_outfit_change_06,outfit_change,homeOutfitChange,women,,6,assets/images/home/women/outfit-change/style_06.png,/media/catalog/outfit_change/women_outfit_change_06.webp,GET /catalog/outfit_change,gender=women
women_outfit_change_07,outfit_change,homeOutfitChange,women,,7,assets/images/home/women/outfit-change/style_07.png,/media/catalog/outfit_change/women_outfit_change_07.webp,GET /catalog/outfit_change,gender=women
women_outfit_change_08,outfit_change,homeOutfitChange,women,,8,assets/images/home/women/outfit-change/style_08.png,/media/catalog/outfit_change/women_outfit_change_08.webp,GET /catalog/outfit_change,gender=women
women_outfit_change_09,outfit_change,homeOutfitChange,women,,9,assets/images/home/women/outfit-change/style_09.png,/media/catalog/outfit_change/women_outfit_change_09.webp,GET /catalog/outfit_change,gender=women
women_outfit_change_10,outfit_change,homeOutfitChange,women,,10,assets/images/home/women/outfit-change/style_10.png,/media/catalog/outfit_change/women_outfit_change_10.webp,GET /catalog/outfit_change,gender=women
women_outfit_change_11,outfit_change,homeOutfitChange,women,,11,assets/images/home/women/outfit-change/style_11.png,/media/catalog/outfit_change/women_outfit_change_11.webp,GET /catalog/outfit_change,gender=women
men_preset_gym_01,presets,homeAiLookPresets,men,preset_gym,1,assets/images/home/men/presets/gym/style_01.png,/media/catalog/presets/men_preset_gym_01.webp,GET /catalog/presets,gender=men&tab=preset_gym
men_preset_gym_02,presets,homeAiLookPresets,men,preset_gym,2,assets/images/home/men/presets/gym/style_02.png,/media/catalog/presets/men_preset_gym_02.webp,GET /catalog/presets,gender=men&tab=preset_gym
men_preset_gym_03,presets,homeAiLookPresets,men,preset_gym,3,assets/images/home/men/presets/gym/style_03.png,/media/catalog/presets/men_preset_gym_03.webp,GET /catalog/presets,gender=men&tab=preset_gym
men_preset_gym_04,presets,homeAiLookPresets,men,preset_gym,4,assets/images/home/men/presets/gym/style_04.png,/media/catalog/presets/men_preset_gym_04.webp,GET /catalog/presets,gender=men&tab=preset_gym
men_preset_gym_05,presets,homeAiLookPresets,men,preset_gym,5,assets/images/home/men/presets/gym/style_05.png,/media/catalog/presets/men_preset_gym_05.webp,GET /catalog/presets,gender=men&tab=preset_gym
men_preset_gym_06,presets,homeAiLookPresets,men,preset_gym,6,assets/images/home/men/presets/gym/style_06.png,/media/catalog/presets/men_preset_gym_06.webp,GET /catalog/presets,gender=men&tab=preset_gym
men_preset_gym_07,presets,homeAiLookPresets,men,preset_gym,7,assets/images/home/men/presets/gym/style_07.png,/media/catalog/presets/men_preset_gym_07.webp,GET /catalog/presets,gender=men&tab=preset_gym
men_preset_gym_08,presets,homeAiLookPresets,men,preset_gym,8,assets/images/home/men/presets/gym/style_08.png,/media/catalog/presets/men_preset_gym_08.webp,GET /catalog/presets,gender=men&tab=preset_gym
men_preset_gym_09,presets,homeAiLookPresets,men,preset_gym,9,assets/images/home/men/presets/gym/style_09.png,/media/catalog/presets/men_preset_gym_09.webp,GET /catalog/presets,gender=men&tab=preset_gym
men_preset_gym_10,presets,homeAiLookPresets,men,preset_gym,10,assets/images/home/men/presets/gym/style_10.png,/media/catalog/presets/men_preset_gym_10.webp,GET /catalog/presets,gender=men&tab=preset_gym
men_tryon_01,virtual_try_on,homeVirtualTryOn,men,,1,assets/images/home/men/beauty-lab/virtual-try-on/style_01.png,/media/catalog/virtual_try_on/men_tryon_01.webp,GET /catalog/virtual_try_on,gender=men
men_tryon_02,virtual_try_on,homeVirtualTryOn,men,,2,assets/images/home/men/beauty-lab/virtual-try-on/style_02.png,/media/catalog/virtual_try_on/men_tryon_02.webp,GET /catalog/virtual_try_on,gender=men
men_tryon_03,virtual_try_on,homeVirtualTryOn,men,,3,assets/images/home/men/beauty-lab/virtual-try-on/style_03.png,/media/catalog/virtual_try_on/men_tryon_03.webp,GET /catalog/virtual_try_on,gender=men
men_tryon_04,virtual_try_on,homeVirtualTryOn,men,,4,assets/images/home/men/beauty-lab/virtual-try-on/style_04.png,/media/catalog/virtual_try_on/men_tryon_04.webp,GET /catalog/virtual_try_on,gender=men
men_tryon_05,virtual_try_on,homeVirtualTryOn,men,,5,assets/images/home/men/beauty-lab/virtual-try-on/style_05.png,/media/catalog/virtual_try_on/men_tryon_05.webp,GET /catalog/virtual_try_on,gender=men
men_tryon_06,virtual_try_on,homeVirtualTryOn,men,,6,assets/images/home/men/beauty-lab/virtual-try-on/style_06.png,/media/catalog/virtual_try_on/men_tryon_06.webp,GET /catalog/virtual_try_on,gender=men
men_tryon_07,virtual_try_on,homeVirtualTryOn,men,,7,assets/images/home/men/beauty-lab/virtual-try-on/style_07.png,/media/catalog/virtual_try_on/men_tryon_07.webp,GET /catalog/virtual_try_on,gender=men
men_tryon_08,virtual_try_on,homeVirtualTryOn,men,,8,assets/images/home/men/beauty-lab/virtual-try-on/style_08.png,/media/catalog/virtual_try_on/men_tryon_08.webp,GET /catalog/virtual_try_on,gender=men
men_tryon_09,virtual_try_on,homeVirtualTryOn,men,,9,assets/images/home/men/beauty-lab/virtual-try-on/style_09.png,/media/catalog/virtual_try_on/men_tryon_09.webp,GET /catalog/virtual_try_on,gender=men
men_tryon_10,virtual_try_on,homeVirtualTryOn,men,,10,assets/images/home/men/beauty-lab/virtual-try-on/style_10.png,/media/catalog/virtual_try_on/men_tryon_10.webp,GET /catalog/virtual_try_on,gender=men
women_tryon_01,virtual_try_on,homeVirtualTryOn,women,,1,assets/images/home/women/beauty-lab/virtual-try-on/style_01.png,/media/catalog/virtual_try_on/women_tryon_01.webp,GET /catalog/virtual_try_on,gender=women
women_tryon_02,virtual_try_on,homeVirtualTryOn,women,,2,assets/images/home/women/beauty-lab/virtual-try-on/style_02.png,/media/catalog/virtual_try_on/women_tryon_02.webp,GET /catalog/virtual_try_on,gender=women
women_tryon_03,virtual_try_on,homeVirtualTryOn,women,,3,assets/images/home/women/beauty-lab/virtual-try-on/style_03.png,/media/catalog/virtual_try_on/women_tryon_03.webp,GET /catalog/virtual_try_on,gender=women
women_tryon_04,virtual_try_on,homeVirtualTryOn,women,,4,assets/images/home/women/beauty-lab/virtual-try-on/style_04.png,/media/catalog/virtual_try_on/women_tryon_04.webp,GET /catalog/virtual_try_on,gender=women
women_tryon_05,virtual_try_on,homeVirtualTryOn,women,,5,assets/images/home/women/beauty-lab/virtual-try-on/style_05.png,/media/catalog/virtual_try_on/women_tryon_05.webp,GET /catalog/virtual_try_on,gender=women
women_tryon_06,virtual_try_on,homeVirtualTryOn,women,,6,assets/images/home/women/beauty-lab/virtual-try-on/style_06.png,/media/catalog/virtual_try_on/women_tryon_06.webp,GET /catalog/virtual_try_on,gender=women
women_tryon_07,virtual_try_on,homeVirtualTryOn,women,,7,assets/images/home/women/beauty-lab/virtual-try-on/style_07.png,/media/catalog/virtual_try_on/women_tryon_07.webp,GET /catalog/virtual_try_on,gender=women
women_tryon_08,virtual_try_on,homeVirtualTryOn,women,,8,assets/images/home/women/beauty-lab/virtual-try-on/style_08.png,/media/catalog/virtual_try_on/women_tryon_08.webp,GET /catalog/virtual_try_on,gender=women
women_tryon_09,virtual_try_on,homeVirtualTryOn,women,,9,assets/images/home/women/beauty-lab/virtual-try-on/style_09.png,/media/catalog/virtual_try_on/women_tryon_09.webp,GET /catalog/virtual_try_on,gender=women
women_tryon_10,virtual_try_on,homeVirtualTryOn,women,,10,assets/images/home/women/beauty-lab/virtual-try-on/style_10.png,/media/catalog/virtual_try_on/women_tryon_10.webp,GET /catalog/virtual_try_on,gender=women
men_arabian_01,wardrobe_browse,wardrobeBrowseTitle,men,arabian,1,assets/images/home/men/wardrobe/regional/arabian/style_01.png,/media/catalog/wardrobe_browse/men_arabian_01.webp,GET /catalog/wardrobe_browse,gender=men&tab=arabian
men_arabian_02,wardrobe_browse,wardrobeBrowseTitle,men,arabian,2,assets/images/home/men/wardrobe/regional/arabian/style_02.png,/media/catalog/wardrobe_browse/men_arabian_02.webp,GET /catalog/wardrobe_browse,gender=men&tab=arabian
men_arabian_03,wardrobe_browse,wardrobeBrowseTitle,men,arabian,3,assets/images/home/men/wardrobe/regional/arabian/style_03.png,/media/catalog/wardrobe_browse/men_arabian_03.webp,GET /catalog/wardrobe_browse,gender=men&tab=arabian
men_arabian_04,wardrobe_browse,wardrobeBrowseTitle,men,arabian,4,assets/images/home/men/wardrobe/regional/arabian/style_04.png,/media/catalog/wardrobe_browse/men_arabian_04.webp,GET /catalog/wardrobe_browse,gender=men&tab=arabian
men_arabian_05,wardrobe_browse,wardrobeBrowseTitle,men,arabian,5,assets/images/home/men/wardrobe/regional/arabian/style_05.png,/media/catalog/wardrobe_browse/men_arabian_05.webp,GET /catalog/wardrobe_browse,gender=men&tab=arabian
men_arabian_06,wardrobe_browse,wardrobeBrowseTitle,men,arabian,6,assets/images/home/men/wardrobe/regional/arabian/style_06.png,/media/catalog/wardrobe_browse/men_arabian_06.webp,GET /catalog/wardrobe_browse,gender=men&tab=arabian
men_arabian_07,wardrobe_browse,wardrobeBrowseTitle,men,arabian,7,assets/images/home/men/wardrobe/regional/arabian/style_07.png,/media/catalog/wardrobe_browse/men_arabian_07.webp,GET /catalog/wardrobe_browse,gender=men&tab=arabian
men_arabian_08,wardrobe_browse,wardrobeBrowseTitle,men,arabian,8,assets/images/home/men/wardrobe/regional/arabian/style_08.png,/media/catalog/wardrobe_browse/men_arabian_08.webp,GET /catalog/wardrobe_browse,gender=men&tab=arabian
men_arabian_09,wardrobe_browse,wardrobeBrowseTitle,men,arabian,9,assets/images/home/men/wardrobe/regional/arabian/style_09.png,/media/catalog/wardrobe_browse/men_arabian_09.webp,GET /catalog/wardrobe_browse,gender=men&tab=arabian
men_arabian_10,wardrobe_browse,wardrobeBrowseTitle,men,arabian,10,assets/images/home/men/wardrobe/regional/arabian/style_10.png,/media/catalog/wardrobe_browse/men_arabian_10.webp,GET /catalog/wardrobe_browse,gender=men&tab=arabian
men_arabian_11,wardrobe_browse,wardrobeBrowseTitle,men,arabian,11,assets/images/home/men/wardrobe/regional/arabian/style_11.png,/media/catalog/wardrobe_browse/men_arabian_11.webp,GET /catalog/wardrobe_browse,gender=men&tab=arabian
men_arabian_12,wardrobe_browse,wardrobeBrowseTitle,men,arabian,12,assets/images/home/men/wardrobe/regional/arabian/style_12.png,/media/catalog/wardrobe_browse/men_arabian_12.webp,GET /catalog/wardrobe_browse,gender=men&tab=arabian
men_arabian_13,wardrobe_browse,wardrobeBrowseTitle,men,arabian,13,assets/images/home/men/wardrobe/regional/arabian/style_13.png,/media/catalog/wardrobe_browse/men_arabian_13.webp,GET /catalog/wardrobe_browse,gender=men&tab=arabian
men_arabian_14,wardrobe_browse,wardrobeBrowseTitle,men,arabian,14,assets/images/home/men/wardrobe/regional/arabian/style_14.png,/media/catalog/wardrobe_browse/men_arabian_14.webp,GET /catalog/wardrobe_browse,gender=men&tab=arabian
men_arabian_15,wardrobe_browse,wardrobeBrowseTitle,men,arabian,15,assets/images/home/men/wardrobe/regional/arabian/style_15.png,/media/catalog/wardrobe_browse/men_arabian_15.webp,GET /catalog/wardrobe_browse,gender=men&tab=arabian
men_arabian_16,wardrobe_browse,wardrobeBrowseTitle,men,arabian,16,assets/images/home/men/wardrobe/regional/arabian/style_16.png,/media/catalog/wardrobe_browse/men_arabian_16.webp,GET /catalog/wardrobe_browse,gender=men&tab=arabian
men_arabian_17,wardrobe_browse,wardrobeBrowseTitle,men,arabian,17,assets/images/home/men/wardrobe/regional/arabian/style_17.png,/media/catalog/wardrobe_browse/men_arabian_17.webp,GET /catalog/wardrobe_browse,gender=men&tab=arabian
men_bottoms_01,wardrobe_browse,wardrobeBrowseTitle,men,bottoms,1,assets/images/home/men/wardrobe/garments/bottoms/style_01.png,/media/catalog/wardrobe_browse/men_bottoms_01.webp,GET /catalog/wardrobe_browse,gender=men&tab=bottoms
men_bottoms_02,wardrobe_browse,wardrobeBrowseTitle,men,bottoms,2,assets/images/home/men/wardrobe/garments/bottoms/style_02.png,/media/catalog/wardrobe_browse/men_bottoms_02.webp,GET /catalog/wardrobe_browse,gender=men&tab=bottoms
men_bottoms_03,wardrobe_browse,wardrobeBrowseTitle,men,bottoms,3,assets/images/home/men/wardrobe/garments/bottoms/style_03.png,/media/catalog/wardrobe_browse/men_bottoms_03.webp,GET /catalog/wardrobe_browse,gender=men&tab=bottoms
men_bottoms_04,wardrobe_browse,wardrobeBrowseTitle,men,bottoms,4,assets/images/home/men/wardrobe/garments/bottoms/style_04.png,/media/catalog/wardrobe_browse/men_bottoms_04.webp,GET /catalog/wardrobe_browse,gender=men&tab=bottoms
men_bottoms_05,wardrobe_browse,wardrobeBrowseTitle,men,bottoms,5,assets/images/home/men/wardrobe/garments/bottoms/style_05.png,/media/catalog/wardrobe_browse/men_bottoms_05.webp,GET /catalog/wardrobe_browse,gender=men&tab=bottoms
men_bottoms_06,wardrobe_browse,wardrobeBrowseTitle,men,bottoms,6,assets/images/home/men/wardrobe/garments/bottoms/style_06.png,/media/catalog/wardrobe_browse/men_bottoms_06.webp,GET /catalog/wardrobe_browse,gender=men&tab=bottoms
men_bottoms_07,wardrobe_browse,wardrobeBrowseTitle,men,bottoms,7,assets/images/home/men/wardrobe/garments/bottoms/style_07.png,/media/catalog/wardrobe_browse/men_bottoms_07.webp,GET /catalog/wardrobe_browse,gender=men&tab=bottoms
men_bottoms_08,wardrobe_browse,wardrobeBrowseTitle,men,bottoms,8,assets/images/home/men/wardrobe/garments/bottoms/style_08.png,/media/catalog/wardrobe_browse/men_bottoms_08.webp,GET /catalog/wardrobe_browse,gender=men&tab=bottoms
men_chinese_01,wardrobe_browse,wardrobeBrowseTitle,men,chinese,1,assets/images/home/men/wardrobe/regional/chinese/style_01.png,/media/catalog/wardrobe_browse/men_chinese_01.webp,GET /catalog/wardrobe_browse,gender=men&tab=chinese
men_chinese_02,wardrobe_browse,wardrobeBrowseTitle,men,chinese,2,assets/images/home/men/wardrobe/regional/chinese/style_02.png,/media/catalog/wardrobe_browse/men_chinese_02.webp,GET /catalog/wardrobe_browse,gender=men&tab=chinese
men_chinese_03,wardrobe_browse,wardrobeBrowseTitle,men,chinese,3,assets/images/home/men/wardrobe/regional/chinese/style_03.png,/media/catalog/wardrobe_browse/men_chinese_03.webp,GET /catalog/wardrobe_browse,gender=men&tab=chinese
men_chinese_04,wardrobe_browse,wardrobeBrowseTitle,men,chinese,4,assets/images/home/men/wardrobe/regional/chinese/style_04.png,/media/catalog/wardrobe_browse/men_chinese_04.webp,GET /catalog/wardrobe_browse,gender=men&tab=chinese
men_chinese_05,wardrobe_browse,wardrobeBrowseTitle,men,chinese,5,assets/images/home/men/wardrobe/regional/chinese/style_05.png,/media/catalog/wardrobe_browse/men_chinese_05.webp,GET /catalog/wardrobe_browse,gender=men&tab=chinese
men_chinese_06,wardrobe_browse,wardrobeBrowseTitle,men,chinese,6,assets/images/home/men/wardrobe/regional/chinese/style_06.png,/media/catalog/wardrobe_browse/men_chinese_06.webp,GET /catalog/wardrobe_browse,gender=men&tab=chinese
men_chinese_07,wardrobe_browse,wardrobeBrowseTitle,men,chinese,7,assets/images/home/men/wardrobe/regional/chinese/style_07.png,/media/catalog/wardrobe_browse/men_chinese_07.webp,GET /catalog/wardrobe_browse,gender=men&tab=chinese
men_chinese_08,wardrobe_browse,wardrobeBrowseTitle,men,chinese,8,assets/images/home/men/wardrobe/regional/chinese/style_08.png,/media/catalog/wardrobe_browse/men_chinese_08.webp,GET /catalog/wardrobe_browse,gender=men&tab=chinese
men_chinese_09,wardrobe_browse,wardrobeBrowseTitle,men,chinese,9,assets/images/home/men/wardrobe/regional/chinese/style_09.png,/media/catalog/wardrobe_browse/men_chinese_09.webp,GET /catalog/wardrobe_browse,gender=men&tab=chinese
men_chinese_10,wardrobe_browse,wardrobeBrowseTitle,men,chinese,10,assets/images/home/men/wardrobe/regional/chinese/style_10.png,/media/catalog/wardrobe_browse/men_chinese_10.webp,GET /catalog/wardrobe_browse,gender=men&tab=chinese
men_chinese_11,wardrobe_browse,wardrobeBrowseTitle,men,chinese,11,assets/images/home/men/wardrobe/regional/chinese/style_11.png,/media/catalog/wardrobe_browse/men_chinese_11.webp,GET /catalog/wardrobe_browse,gender=men&tab=chinese
men_chinese_12,wardrobe_browse,wardrobeBrowseTitle,men,chinese,12,assets/images/home/men/wardrobe/regional/chinese/style_12.png,/media/catalog/wardrobe_browse/men_chinese_12.webp,GET /catalog/wardrobe_browse,gender=men&tab=chinese
men_chinese_13,wardrobe_browse,wardrobeBrowseTitle,men,chinese,13,assets/images/home/men/wardrobe/regional/chinese/style_13.png,/media/catalog/wardrobe_browse/men_chinese_13.webp,GET /catalog/wardrobe_browse,gender=men&tab=chinese
men_chinese_14,wardrobe_browse,wardrobeBrowseTitle,men,chinese,14,assets/images/home/men/wardrobe/regional/chinese/style_14.png,/media/catalog/wardrobe_browse/men_chinese_14.webp,GET /catalog/wardrobe_browse,gender=men&tab=chinese
men_indian_01,wardrobe_browse,wardrobeBrowseTitle,men,indian,1,assets/images/home/men/wardrobe/regional/indian/style_01.png,/media/catalog/wardrobe_browse/men_indian_01.webp,GET /catalog/wardrobe_browse,gender=men&tab=indian
men_indian_02,wardrobe_browse,wardrobeBrowseTitle,men,indian,2,assets/images/home/men/wardrobe/regional/indian/style_02.png,/media/catalog/wardrobe_browse/men_indian_02.webp,GET /catalog/wardrobe_browse,gender=men&tab=indian
men_indian_03,wardrobe_browse,wardrobeBrowseTitle,men,indian,3,assets/images/home/men/wardrobe/regional/indian/style_03.png,/media/catalog/wardrobe_browse/men_indian_03.webp,GET /catalog/wardrobe_browse,gender=men&tab=indian
men_indian_04,wardrobe_browse,wardrobeBrowseTitle,men,indian,4,assets/images/home/men/wardrobe/regional/indian/style_04.png,/media/catalog/wardrobe_browse/men_indian_04.webp,GET /catalog/wardrobe_browse,gender=men&tab=indian
men_indian_05,wardrobe_browse,wardrobeBrowseTitle,men,indian,5,assets/images/home/men/wardrobe/regional/indian/style_05.png,/media/catalog/wardrobe_browse/men_indian_05.webp,GET /catalog/wardrobe_browse,gender=men&tab=indian
men_indian_06,wardrobe_browse,wardrobeBrowseTitle,men,indian,6,assets/images/home/men/wardrobe/regional/indian/style_06.png,/media/catalog/wardrobe_browse/men_indian_06.webp,GET /catalog/wardrobe_browse,gender=men&tab=indian
men_indian_07,wardrobe_browse,wardrobeBrowseTitle,men,indian,7,assets/images/home/men/wardrobe/regional/indian/style_07.png,/media/catalog/wardrobe_browse/men_indian_07.webp,GET /catalog/wardrobe_browse,gender=men&tab=indian
men_indian_08,wardrobe_browse,wardrobeBrowseTitle,men,indian,8,assets/images/home/men/wardrobe/regional/indian/style_08.png,/media/catalog/wardrobe_browse/men_indian_08.webp,GET /catalog/wardrobe_browse,gender=men&tab=indian
men_indian_09,wardrobe_browse,wardrobeBrowseTitle,men,indian,9,assets/images/home/men/wardrobe/regional/indian/style_09.png,/media/catalog/wardrobe_browse/men_indian_09.webp,GET /catalog/wardrobe_browse,gender=men&tab=indian
men_indian_10,wardrobe_browse,wardrobeBrowseTitle,men,indian,10,assets/images/home/men/wardrobe/regional/indian/style_10.png,/media/catalog/wardrobe_browse/men_indian_10.webp,GET /catalog/wardrobe_browse,gender=men&tab=indian
men_indian_11,wardrobe_browse,wardrobeBrowseTitle,men,indian,11,assets/images/home/men/wardrobe/regional/indian/style_11.png,/media/catalog/wardrobe_browse/men_indian_11.webp,GET /catalog/wardrobe_browse,gender=men&tab=indian
men_indian_12,wardrobe_browse,wardrobeBrowseTitle,men,indian,12,assets/images/home/men/wardrobe/regional/indian/style_12.png,/media/catalog/wardrobe_browse/men_indian_12.webp,GET /catalog/wardrobe_browse,gender=men&tab=indian
men_indian_13,wardrobe_browse,wardrobeBrowseTitle,men,indian,13,assets/images/home/men/wardrobe/regional/indian/style_13.png,/media/catalog/wardrobe_browse/men_indian_13.webp,GET /catalog/wardrobe_browse,gender=men&tab=indian
men_indian_14,wardrobe_browse,wardrobeBrowseTitle,men,indian,14,assets/images/home/men/wardrobe/regional/indian/style_14.png,/media/catalog/wardrobe_browse/men_indian_14.webp,GET /catalog/wardrobe_browse,gender=men&tab=indian
men_indian_15,wardrobe_browse,wardrobeBrowseTitle,men,indian,15,assets/images/home/men/wardrobe/regional/indian/style_15.png,/media/catalog/wardrobe_browse/men_indian_15.webp,GET /catalog/wardrobe_browse,gender=men&tab=indian
men_jackets_01,wardrobe_browse,wardrobeBrowseTitle,men,jackets,1,assets/images/home/men/wardrobe/garments/jackets/style_01.png,/media/catalog/wardrobe_browse/men_jackets_01.webp,GET /catalog/wardrobe_browse,gender=men&tab=jackets
men_jackets_02,wardrobe_browse,wardrobeBrowseTitle,men,jackets,2,assets/images/home/men/wardrobe/garments/jackets/style_02.png,/media/catalog/wardrobe_browse/men_jackets_02.webp,GET /catalog/wardrobe_browse,gender=men&tab=jackets
men_jackets_03,wardrobe_browse,wardrobeBrowseTitle,men,jackets,3,assets/images/home/men/wardrobe/garments/jackets/style_03.png,/media/catalog/wardrobe_browse/men_jackets_03.webp,GET /catalog/wardrobe_browse,gender=men&tab=jackets
men_jackets_04,wardrobe_browse,wardrobeBrowseTitle,men,jackets,4,assets/images/home/men/wardrobe/garments/jackets/style_04.png,/media/catalog/wardrobe_browse/men_jackets_04.webp,GET /catalog/wardrobe_browse,gender=men&tab=jackets
men_jackets_05,wardrobe_browse,wardrobeBrowseTitle,men,jackets,5,assets/images/home/men/wardrobe/garments/jackets/style_05.png,/media/catalog/wardrobe_browse/men_jackets_05.webp,GET /catalog/wardrobe_browse,gender=men&tab=jackets
men_jackets_06,wardrobe_browse,wardrobeBrowseTitle,men,jackets,6,assets/images/home/men/wardrobe/garments/jackets/style_06.png,/media/catalog/wardrobe_browse/men_jackets_06.webp,GET /catalog/wardrobe_browse,gender=men&tab=jackets
men_jackets_07,wardrobe_browse,wardrobeBrowseTitle,men,jackets,7,assets/images/home/men/wardrobe/garments/jackets/style_07.png,/media/catalog/wardrobe_browse/men_jackets_07.webp,GET /catalog/wardrobe_browse,gender=men&tab=jackets
men_jackets_08,wardrobe_browse,wardrobeBrowseTitle,men,jackets,8,assets/images/home/men/wardrobe/garments/jackets/style_08.png,/media/catalog/wardrobe_browse/men_jackets_08.webp,GET /catalog/wardrobe_browse,gender=men&tab=jackets
men_jackets_09,wardrobe_browse,wardrobeBrowseTitle,men,jackets,9,assets/images/home/men/wardrobe/garments/jackets/style_09.png,/media/catalog/wardrobe_browse/men_jackets_09.webp,GET /catalog/wardrobe_browse,gender=men&tab=jackets
men_jackets_10,wardrobe_browse,wardrobeBrowseTitle,men,jackets,10,assets/images/home/men/wardrobe/garments/jackets/style_10.png,/media/catalog/wardrobe_browse/men_jackets_10.webp,GET /catalog/wardrobe_browse,gender=men&tab=jackets
men_jackets_11,wardrobe_browse,wardrobeBrowseTitle,men,jackets,11,assets/images/home/men/wardrobe/garments/jackets/style_11.png,/media/catalog/wardrobe_browse/men_jackets_11.webp,GET /catalog/wardrobe_browse,gender=men&tab=jackets
men_jackets_12,wardrobe_browse,wardrobeBrowseTitle,men,jackets,12,assets/images/home/men/wardrobe/garments/jackets/style_12.png,/media/catalog/wardrobe_browse/men_jackets_12.webp,GET /catalog/wardrobe_browse,gender=men&tab=jackets
men_jackets_13,wardrobe_browse,wardrobeBrowseTitle,men,jackets,13,assets/images/home/men/wardrobe/garments/jackets/style_13.png,/media/catalog/wardrobe_browse/men_jackets_13.webp,GET /catalog/wardrobe_browse,gender=men&tab=jackets
men_jackets_14,wardrobe_browse,wardrobeBrowseTitle,men,jackets,14,assets/images/home/men/wardrobe/garments/jackets/style_14.png,/media/catalog/wardrobe_browse/men_jackets_14.webp,GET /catalog/wardrobe_browse,gender=men&tab=jackets
men_jackets_15,wardrobe_browse,wardrobeBrowseTitle,men,jackets,15,assets/images/home/men/wardrobe/garments/jackets/style_15.png,/media/catalog/wardrobe_browse/men_jackets_15.webp,GET /catalog/wardrobe_browse,gender=men&tab=jackets
men_jackets_16,wardrobe_browse,wardrobeBrowseTitle,men,jackets,16,assets/images/home/men/wardrobe/garments/jackets/style_16.png,/media/catalog/wardrobe_browse/men_jackets_16.webp,GET /catalog/wardrobe_browse,gender=men&tab=jackets
men_jackets_17,wardrobe_browse,wardrobeBrowseTitle,men,jackets,17,assets/images/home/men/wardrobe/garments/jackets/style_17.png,/media/catalog/wardrobe_browse/men_jackets_17.webp,GET /catalog/wardrobe_browse,gender=men&tab=jackets
men_jackets_18,wardrobe_browse,wardrobeBrowseTitle,men,jackets,18,assets/images/home/men/wardrobe/garments/jackets/style_18.png,/media/catalog/wardrobe_browse/men_jackets_18.webp,GET /catalog/wardrobe_browse,gender=men&tab=jackets
men_jackets_19,wardrobe_browse,wardrobeBrowseTitle,men,jackets,19,assets/images/home/men/wardrobe/garments/jackets/style_19.png,/media/catalog/wardrobe_browse/men_jackets_19.webp,GET /catalog/wardrobe_browse,gender=men&tab=jackets
men_jackets_20,wardrobe_browse,wardrobeBrowseTitle,men,jackets,20,assets/images/home/men/wardrobe/garments/jackets/style_20.png,/media/catalog/wardrobe_browse/men_jackets_20.webp,GET /catalog/wardrobe_browse,gender=men&tab=jackets
men_jackets_21,wardrobe_browse,wardrobeBrowseTitle,men,jackets,21,assets/images/home/men/wardrobe/garments/jackets/style_21.png,/media/catalog/wardrobe_browse/men_jackets_21.webp,GET /catalog/wardrobe_browse,gender=men&tab=jackets
men_korean_01,wardrobe_browse,wardrobeBrowseTitle,men,korean,1,assets/images/home/men/wardrobe/regional/korean/style_01.png,/media/catalog/wardrobe_browse/men_korean_01.webp,GET /catalog/wardrobe_browse,gender=men&tab=korean
men_korean_02,wardrobe_browse,wardrobeBrowseTitle,men,korean,2,assets/images/home/men/wardrobe/regional/korean/style_02.png,/media/catalog/wardrobe_browse/men_korean_02.webp,GET /catalog/wardrobe_browse,gender=men&tab=korean
men_korean_03,wardrobe_browse,wardrobeBrowseTitle,men,korean,3,assets/images/home/men/wardrobe/regional/korean/style_03.png,/media/catalog/wardrobe_browse/men_korean_03.webp,GET /catalog/wardrobe_browse,gender=men&tab=korean
men_korean_04,wardrobe_browse,wardrobeBrowseTitle,men,korean,4,assets/images/home/men/wardrobe/regional/korean/style_04.png,/media/catalog/wardrobe_browse/men_korean_04.webp,GET /catalog/wardrobe_browse,gender=men&tab=korean
men_korean_05,wardrobe_browse,wardrobeBrowseTitle,men,korean,5,assets/images/home/men/wardrobe/regional/korean/style_05.png,/media/catalog/wardrobe_browse/men_korean_05.webp,GET /catalog/wardrobe_browse,gender=men&tab=korean
men_korean_06,wardrobe_browse,wardrobeBrowseTitle,men,korean,6,assets/images/home/men/wardrobe/regional/korean/style_06.png,/media/catalog/wardrobe_browse/men_korean_06.webp,GET /catalog/wardrobe_browse,gender=men&tab=korean
men_korean_07,wardrobe_browse,wardrobeBrowseTitle,men,korean,7,assets/images/home/men/wardrobe/regional/korean/style_07.png,/media/catalog/wardrobe_browse/men_korean_07.webp,GET /catalog/wardrobe_browse,gender=men&tab=korean
men_korean_08,wardrobe_browse,wardrobeBrowseTitle,men,korean,8,assets/images/home/men/wardrobe/regional/korean/style_08.png,/media/catalog/wardrobe_browse/men_korean_08.webp,GET /catalog/wardrobe_browse,gender=men&tab=korean
men_korean_09,wardrobe_browse,wardrobeBrowseTitle,men,korean,9,assets/images/home/men/wardrobe/regional/korean/style_09.png,/media/catalog/wardrobe_browse/men_korean_09.webp,GET /catalog/wardrobe_browse,gender=men&tab=korean
men_korean_10,wardrobe_browse,wardrobeBrowseTitle,men,korean,10,assets/images/home/men/wardrobe/regional/korean/style_10.png,/media/catalog/wardrobe_browse/men_korean_10.webp,GET /catalog/wardrobe_browse,gender=men&tab=korean
men_korean_11,wardrobe_browse,wardrobeBrowseTitle,men,korean,11,assets/images/home/men/wardrobe/regional/korean/style_11.png,/media/catalog/wardrobe_browse/men_korean_11.webp,GET /catalog/wardrobe_browse,gender=men&tab=korean
men_korean_12,wardrobe_browse,wardrobeBrowseTitle,men,korean,12,assets/images/home/men/wardrobe/regional/korean/style_12.png,/media/catalog/wardrobe_browse/men_korean_12.webp,GET /catalog/wardrobe_browse,gender=men&tab=korean
men_korean_13,wardrobe_browse,wardrobeBrowseTitle,men,korean,13,assets/images/home/men/wardrobe/regional/korean/style_13.png,/media/catalog/wardrobe_browse/men_korean_13.webp,GET /catalog/wardrobe_browse,gender=men&tab=korean
men_pakistani_01,wardrobe_browse,wardrobeBrowseTitle,men,pakistani,1,assets/images/home/men/wardrobe/regional/pakistani/style_01.png,/media/catalog/wardrobe_browse/men_pakistani_01.webp,GET /catalog/wardrobe_browse,gender=men&tab=pakistani
men_pakistani_02,wardrobe_browse,wardrobeBrowseTitle,men,pakistani,2,assets/images/home/men/wardrobe/regional/pakistani/style_02.png,/media/catalog/wardrobe_browse/men_pakistani_02.webp,GET /catalog/wardrobe_browse,gender=men&tab=pakistani
men_pakistani_03,wardrobe_browse,wardrobeBrowseTitle,men,pakistani,3,assets/images/home/men/wardrobe/regional/pakistani/style_03.png,/media/catalog/wardrobe_browse/men_pakistani_03.webp,GET /catalog/wardrobe_browse,gender=men&tab=pakistani
men_pakistani_04,wardrobe_browse,wardrobeBrowseTitle,men,pakistani,4,assets/images/home/men/wardrobe/regional/pakistani/style_04.png,/media/catalog/wardrobe_browse/men_pakistani_04.webp,GET /catalog/wardrobe_browse,gender=men&tab=pakistani
men_pakistani_05,wardrobe_browse,wardrobeBrowseTitle,men,pakistani,5,assets/images/home/men/wardrobe/regional/pakistani/style_05.png,/media/catalog/wardrobe_browse/men_pakistani_05.webp,GET /catalog/wardrobe_browse,gender=men&tab=pakistani
men_pakistani_06,wardrobe_browse,wardrobeBrowseTitle,men,pakistani,6,assets/images/home/men/wardrobe/regional/pakistani/style_06.png,/media/catalog/wardrobe_browse/men_pakistani_06.webp,GET /catalog/wardrobe_browse,gender=men&tab=pakistani
men_pakistani_07,wardrobe_browse,wardrobeBrowseTitle,men,pakistani,7,assets/images/home/men/wardrobe/regional/pakistani/style_07.png,/media/catalog/wardrobe_browse/men_pakistani_07.webp,GET /catalog/wardrobe_browse,gender=men&tab=pakistani
men_pakistani_08,wardrobe_browse,wardrobeBrowseTitle,men,pakistani,8,assets/images/home/men/wardrobe/regional/pakistani/style_08.png,/media/catalog/wardrobe_browse/men_pakistani_08.webp,GET /catalog/wardrobe_browse,gender=men&tab=pakistani
men_pakistani_09,wardrobe_browse,wardrobeBrowseTitle,men,pakistani,9,assets/images/home/men/wardrobe/regional/pakistani/style_09.png,/media/catalog/wardrobe_browse/men_pakistani_09.webp,GET /catalog/wardrobe_browse,gender=men&tab=pakistani
men_pakistani_10,wardrobe_browse,wardrobeBrowseTitle,men,pakistani,10,assets/images/home/men/wardrobe/regional/pakistani/style_10.png,/media/catalog/wardrobe_browse/men_pakistani_10.webp,GET /catalog/wardrobe_browse,gender=men&tab=pakistani
men_pakistani_11,wardrobe_browse,wardrobeBrowseTitle,men,pakistani,11,assets/images/home/men/wardrobe/regional/pakistani/style_11.png,/media/catalog/wardrobe_browse/men_pakistani_11.webp,GET /catalog/wardrobe_browse,gender=men&tab=pakistani
men_pakistani_12,wardrobe_browse,wardrobeBrowseTitle,men,pakistani,12,assets/images/home/men/wardrobe/regional/pakistani/style_12.png,/media/catalog/wardrobe_browse/men_pakistani_12.webp,GET /catalog/wardrobe_browse,gender=men&tab=pakistani
men_pakistani_13,wardrobe_browse,wardrobeBrowseTitle,men,pakistani,13,assets/images/home/men/wardrobe/regional/pakistani/style_13.png,/media/catalog/wardrobe_browse/men_pakistani_13.webp,GET /catalog/wardrobe_browse,gender=men&tab=pakistani
men_pakistani_14,wardrobe_browse,wardrobeBrowseTitle,men,pakistani,14,assets/images/home/men/wardrobe/regional/pakistani/style_14.png,/media/catalog/wardrobe_browse/men_pakistani_14.webp,GET /catalog/wardrobe_browse,gender=men&tab=pakistani
men_pakistani_15,wardrobe_browse,wardrobeBrowseTitle,men,pakistani,15,assets/images/home/men/wardrobe/regional/pakistani/style_15.png,/media/catalog/wardrobe_browse/men_pakistani_15.webp,GET /catalog/wardrobe_browse,gender=men&tab=pakistani
men_pakistani_16,wardrobe_browse,wardrobeBrowseTitle,men,pakistani,16,assets/images/home/men/wardrobe/regional/pakistani/style_16.png,/media/catalog/wardrobe_browse/men_pakistani_16.webp,GET /catalog/wardrobe_browse,gender=men&tab=pakistani
men_pakistani_17,wardrobe_browse,wardrobeBrowseTitle,men,pakistani,17,assets/images/home/men/wardrobe/regional/pakistani/style_17.png,/media/catalog/wardrobe_browse/men_pakistani_17.webp,GET /catalog/wardrobe_browse,gender=men&tab=pakistani
men_pakistani_18,wardrobe_browse,wardrobeBrowseTitle,men,pakistani,18,assets/images/home/men/wardrobe/regional/pakistani/style_18.png,/media/catalog/wardrobe_browse/men_pakistani_18.webp,GET /catalog/wardrobe_browse,gender=men&tab=pakistani
men_shirts_01,wardrobe_browse,wardrobeBrowseTitle,men,shirts,1,assets/images/home/men/wardrobe/garments/shirts/style_01.png,/media/catalog/wardrobe_browse/men_shirts_01.webp,GET /catalog/wardrobe_browse,gender=men&tab=shirts
men_shirts_02,wardrobe_browse,wardrobeBrowseTitle,men,shirts,2,assets/images/home/men/wardrobe/garments/shirts/style_02.png,/media/catalog/wardrobe_browse/men_shirts_02.webp,GET /catalog/wardrobe_browse,gender=men&tab=shirts
men_shirts_03,wardrobe_browse,wardrobeBrowseTitle,men,shirts,3,assets/images/home/men/wardrobe/garments/shirts/style_03.png,/media/catalog/wardrobe_browse/men_shirts_03.webp,GET /catalog/wardrobe_browse,gender=men&tab=shirts
men_shirts_04,wardrobe_browse,wardrobeBrowseTitle,men,shirts,4,assets/images/home/men/wardrobe/garments/shirts/style_04.png,/media/catalog/wardrobe_browse/men_shirts_04.webp,GET /catalog/wardrobe_browse,gender=men&tab=shirts
men_shirts_05,wardrobe_browse,wardrobeBrowseTitle,men,shirts,5,assets/images/home/men/wardrobe/garments/shirts/style_05.png,/media/catalog/wardrobe_browse/men_shirts_05.webp,GET /catalog/wardrobe_browse,gender=men&tab=shirts
men_shirts_06,wardrobe_browse,wardrobeBrowseTitle,men,shirts,6,assets/images/home/men/wardrobe/garments/shirts/style_06.png,/media/catalog/wardrobe_browse/men_shirts_06.webp,GET /catalog/wardrobe_browse,gender=men&tab=shirts
men_shirts_07,wardrobe_browse,wardrobeBrowseTitle,men,shirts,7,assets/images/home/men/wardrobe/garments/shirts/style_07.png,/media/catalog/wardrobe_browse/men_shirts_07.webp,GET /catalog/wardrobe_browse,gender=men&tab=shirts
men_shirts_08,wardrobe_browse,wardrobeBrowseTitle,men,shirts,8,assets/images/home/men/wardrobe/garments/shirts/style_08.png,/media/catalog/wardrobe_browse/men_shirts_08.webp,GET /catalog/wardrobe_browse,gender=men&tab=shirts
men_shirts_09,wardrobe_browse,wardrobeBrowseTitle,men,shirts,9,assets/images/home/men/wardrobe/garments/shirts/style_09.png,/media/catalog/wardrobe_browse/men_shirts_09.webp,GET /catalog/wardrobe_browse,gender=men&tab=shirts
men_shirts_10,wardrobe_browse,wardrobeBrowseTitle,men,shirts,10,assets/images/home/men/wardrobe/garments/shirts/style_10.png,/media/catalog/wardrobe_browse/men_shirts_10.webp,GET /catalog/wardrobe_browse,gender=men&tab=shirts
women_arabian_01,wardrobe_browse,wardrobeBrowseTitle,women,arabian,1,assets/images/home/women/wardrobe/regional/arabian/style_01.png,/media/catalog/wardrobe_browse/women_arabian_01.webp,GET /catalog/wardrobe_browse,gender=women&tab=arabian
women_arabian_02,wardrobe_browse,wardrobeBrowseTitle,women,arabian,2,assets/images/home/women/wardrobe/regional/arabian/style_02.png,/media/catalog/wardrobe_browse/women_arabian_02.webp,GET /catalog/wardrobe_browse,gender=women&tab=arabian
women_arabian_03,wardrobe_browse,wardrobeBrowseTitle,women,arabian,3,assets/images/home/women/wardrobe/regional/arabian/style_03.png,/media/catalog/wardrobe_browse/women_arabian_03.webp,GET /catalog/wardrobe_browse,gender=women&tab=arabian
women_arabian_04,wardrobe_browse,wardrobeBrowseTitle,women,arabian,4,assets/images/home/women/wardrobe/regional/arabian/style_04.png,/media/catalog/wardrobe_browse/women_arabian_04.webp,GET /catalog/wardrobe_browse,gender=women&tab=arabian
women_arabian_05,wardrobe_browse,wardrobeBrowseTitle,women,arabian,5,assets/images/home/women/wardrobe/regional/arabian/style_05.png,/media/catalog/wardrobe_browse/women_arabian_05.webp,GET /catalog/wardrobe_browse,gender=women&tab=arabian
women_arabian_06,wardrobe_browse,wardrobeBrowseTitle,women,arabian,6,assets/images/home/women/wardrobe/regional/arabian/style_06.png,/media/catalog/wardrobe_browse/women_arabian_06.webp,GET /catalog/wardrobe_browse,gender=women&tab=arabian
women_arabian_07,wardrobe_browse,wardrobeBrowseTitle,women,arabian,7,assets/images/home/women/wardrobe/regional/arabian/style_07.png,/media/catalog/wardrobe_browse/women_arabian_07.webp,GET /catalog/wardrobe_browse,gender=women&tab=arabian
women_arabian_08,wardrobe_browse,wardrobeBrowseTitle,women,arabian,8,assets/images/home/women/wardrobe/regional/arabian/style_08.png,/media/catalog/wardrobe_browse/women_arabian_08.webp,GET /catalog/wardrobe_browse,gender=women&tab=arabian
women_arabian_09,wardrobe_browse,wardrobeBrowseTitle,women,arabian,9,assets/images/home/women/wardrobe/regional/arabian/style_09.png,/media/catalog/wardrobe_browse/women_arabian_09.webp,GET /catalog/wardrobe_browse,gender=women&tab=arabian
women_arabian_10,wardrobe_browse,wardrobeBrowseTitle,women,arabian,10,assets/images/home/women/wardrobe/regional/arabian/style_10.png,/media/catalog/wardrobe_browse/women_arabian_10.webp,GET /catalog/wardrobe_browse,gender=women&tab=arabian
women_arabian_11,wardrobe_browse,wardrobeBrowseTitle,women,arabian,11,assets/images/home/women/wardrobe/regional/arabian/style_11.png,/media/catalog/wardrobe_browse/women_arabian_11.webp,GET /catalog/wardrobe_browse,gender=women&tab=arabian
women_arabian_12,wardrobe_browse,wardrobeBrowseTitle,women,arabian,12,assets/images/home/women/wardrobe/regional/arabian/style_12.png,/media/catalog/wardrobe_browse/women_arabian_12.webp,GET /catalog/wardrobe_browse,gender=women&tab=arabian
women_arabian_13,wardrobe_browse,wardrobeBrowseTitle,women,arabian,13,assets/images/home/women/wardrobe/regional/arabian/style_13.png,/media/catalog/wardrobe_browse/women_arabian_13.webp,GET /catalog/wardrobe_browse,gender=women&tab=arabian
women_arabian_14,wardrobe_browse,wardrobeBrowseTitle,women,arabian,14,assets/images/home/women/wardrobe/regional/arabian/style_14.png,/media/catalog/wardrobe_browse/women_arabian_14.webp,GET /catalog/wardrobe_browse,gender=women&tab=arabian
women_arabian_15,wardrobe_browse,wardrobeBrowseTitle,women,arabian,15,assets/images/home/women/wardrobe/regional/arabian/style_15.png,/media/catalog/wardrobe_browse/women_arabian_15.webp,GET /catalog/wardrobe_browse,gender=women&tab=arabian
women_arabian_16,wardrobe_browse,wardrobeBrowseTitle,women,arabian,16,assets/images/home/women/wardrobe/regional/arabian/style_16.png,/media/catalog/wardrobe_browse/women_arabian_16.webp,GET /catalog/wardrobe_browse,gender=women&tab=arabian
women_arabian_17,wardrobe_browse,wardrobeBrowseTitle,women,arabian,17,assets/images/home/women/wardrobe/regional/arabian/style_17.png,/media/catalog/wardrobe_browse/women_arabian_17.webp,GET /catalog/wardrobe_browse,gender=women&tab=arabian
women_bottoms_01,wardrobe_browse,wardrobeBrowseTitle,women,bottoms,1,assets/images/home/women/wardrobe/garments/bottoms/style_01.png,/media/catalog/wardrobe_browse/women_bottoms_01.webp,GET /catalog/wardrobe_browse,gender=women&tab=bottoms
women_bottoms_02,wardrobe_browse,wardrobeBrowseTitle,women,bottoms,2,assets/images/home/women/wardrobe/garments/bottoms/style_02.png,/media/catalog/wardrobe_browse/women_bottoms_02.webp,GET /catalog/wardrobe_browse,gender=women&tab=bottoms
women_bottoms_03,wardrobe_browse,wardrobeBrowseTitle,women,bottoms,3,assets/images/home/women/wardrobe/garments/bottoms/style_03.png,/media/catalog/wardrobe_browse/women_bottoms_03.webp,GET /catalog/wardrobe_browse,gender=women&tab=bottoms
women_bottoms_04,wardrobe_browse,wardrobeBrowseTitle,women,bottoms,4,assets/images/home/women/wardrobe/garments/bottoms/style_04.png,/media/catalog/wardrobe_browse/women_bottoms_04.webp,GET /catalog/wardrobe_browse,gender=women&tab=bottoms
women_bottoms_05,wardrobe_browse,wardrobeBrowseTitle,women,bottoms,5,assets/images/home/women/wardrobe/garments/bottoms/style_05.png,/media/catalog/wardrobe_browse/women_bottoms_05.webp,GET /catalog/wardrobe_browse,gender=women&tab=bottoms
women_bottoms_06,wardrobe_browse,wardrobeBrowseTitle,women,bottoms,6,assets/images/home/women/wardrobe/garments/bottoms/style_06.png,/media/catalog/wardrobe_browse/women_bottoms_06.webp,GET /catalog/wardrobe_browse,gender=women&tab=bottoms
women_bottoms_07,wardrobe_browse,wardrobeBrowseTitle,women,bottoms,7,assets/images/home/women/wardrobe/garments/bottoms/style_07.png,/media/catalog/wardrobe_browse/women_bottoms_07.webp,GET /catalog/wardrobe_browse,gender=women&tab=bottoms
women_bottoms_08,wardrobe_browse,wardrobeBrowseTitle,women,bottoms,8,assets/images/home/women/wardrobe/garments/bottoms/style_08.png,/media/catalog/wardrobe_browse/women_bottoms_08.webp,GET /catalog/wardrobe_browse,gender=women&tab=bottoms
women_chinese_01,wardrobe_browse,wardrobeBrowseTitle,women,chinese,1,assets/images/home/women/wardrobe/regional/chinese/style_01.png,/media/catalog/wardrobe_browse/women_chinese_01.webp,GET /catalog/wardrobe_browse,gender=women&tab=chinese
women_chinese_02,wardrobe_browse,wardrobeBrowseTitle,women,chinese,2,assets/images/home/women/wardrobe/regional/chinese/style_02.png,/media/catalog/wardrobe_browse/women_chinese_02.webp,GET /catalog/wardrobe_browse,gender=women&tab=chinese
women_chinese_03,wardrobe_browse,wardrobeBrowseTitle,women,chinese,3,assets/images/home/women/wardrobe/regional/chinese/style_03.png,/media/catalog/wardrobe_browse/women_chinese_03.webp,GET /catalog/wardrobe_browse,gender=women&tab=chinese
women_chinese_04,wardrobe_browse,wardrobeBrowseTitle,women,chinese,4,assets/images/home/women/wardrobe/regional/chinese/style_04.png,/media/catalog/wardrobe_browse/women_chinese_04.webp,GET /catalog/wardrobe_browse,gender=women&tab=chinese
women_chinese_05,wardrobe_browse,wardrobeBrowseTitle,women,chinese,5,assets/images/home/women/wardrobe/regional/chinese/style_05.png,/media/catalog/wardrobe_browse/women_chinese_05.webp,GET /catalog/wardrobe_browse,gender=women&tab=chinese
women_chinese_06,wardrobe_browse,wardrobeBrowseTitle,women,chinese,6,assets/images/home/women/wardrobe/regional/chinese/style_06.png,/media/catalog/wardrobe_browse/women_chinese_06.webp,GET /catalog/wardrobe_browse,gender=women&tab=chinese
women_chinese_07,wardrobe_browse,wardrobeBrowseTitle,women,chinese,7,assets/images/home/women/wardrobe/regional/chinese/style_07.png,/media/catalog/wardrobe_browse/women_chinese_07.webp,GET /catalog/wardrobe_browse,gender=women&tab=chinese
women_chinese_08,wardrobe_browse,wardrobeBrowseTitle,women,chinese,8,assets/images/home/women/wardrobe/regional/chinese/style_08.png,/media/catalog/wardrobe_browse/women_chinese_08.webp,GET /catalog/wardrobe_browse,gender=women&tab=chinese
women_chinese_09,wardrobe_browse,wardrobeBrowseTitle,women,chinese,9,assets/images/home/women/wardrobe/regional/chinese/style_09.png,/media/catalog/wardrobe_browse/women_chinese_09.webp,GET /catalog/wardrobe_browse,gender=women&tab=chinese
women_chinese_10,wardrobe_browse,wardrobeBrowseTitle,women,chinese,10,assets/images/home/women/wardrobe/regional/chinese/style_10.png,/media/catalog/wardrobe_browse/women_chinese_10.webp,GET /catalog/wardrobe_browse,gender=women&tab=chinese
women_chinese_11,wardrobe_browse,wardrobeBrowseTitle,women,chinese,11,assets/images/home/women/wardrobe/regional/chinese/style_11.png,/media/catalog/wardrobe_browse/women_chinese_11.webp,GET /catalog/wardrobe_browse,gender=women&tab=chinese
women_chinese_12,wardrobe_browse,wardrobeBrowseTitle,women,chinese,12,assets/images/home/women/wardrobe/regional/chinese/style_12.png,/media/catalog/wardrobe_browse/women_chinese_12.webp,GET /catalog/wardrobe_browse,gender=women&tab=chinese
women_chinese_13,wardrobe_browse,wardrobeBrowseTitle,women,chinese,13,assets/images/home/women/wardrobe/regional/chinese/style_13.png,/media/catalog/wardrobe_browse/women_chinese_13.webp,GET /catalog/wardrobe_browse,gender=women&tab=chinese
women_chinese_14,wardrobe_browse,wardrobeBrowseTitle,women,chinese,14,assets/images/home/women/wardrobe/regional/chinese/style_14.png,/media/catalog/wardrobe_browse/women_chinese_14.webp,GET /catalog/wardrobe_browse,gender=women&tab=chinese
women_indian_01,wardrobe_browse,wardrobeBrowseTitle,women,indian,1,assets/images/home/women/wardrobe/regional/indian/style_01.png,/media/catalog/wardrobe_browse/women_indian_01.webp,GET /catalog/wardrobe_browse,gender=women&tab=indian
women_indian_02,wardrobe_browse,wardrobeBrowseTitle,women,indian,2,assets/images/home/women/wardrobe/regional/indian/style_02.png,/media/catalog/wardrobe_browse/women_indian_02.webp,GET /catalog/wardrobe_browse,gender=women&tab=indian
women_indian_03,wardrobe_browse,wardrobeBrowseTitle,women,indian,3,assets/images/home/women/wardrobe/regional/indian/style_03.png,/media/catalog/wardrobe_browse/women_indian_03.webp,GET /catalog/wardrobe_browse,gender=women&tab=indian
women_indian_04,wardrobe_browse,wardrobeBrowseTitle,women,indian,4,assets/images/home/women/wardrobe/regional/indian/style_04.png,/media/catalog/wardrobe_browse/women_indian_04.webp,GET /catalog/wardrobe_browse,gender=women&tab=indian
women_indian_05,wardrobe_browse,wardrobeBrowseTitle,women,indian,5,assets/images/home/women/wardrobe/regional/indian/style_05.png,/media/catalog/wardrobe_browse/women_indian_05.webp,GET /catalog/wardrobe_browse,gender=women&tab=indian
women_indian_06,wardrobe_browse,wardrobeBrowseTitle,women,indian,6,assets/images/home/women/wardrobe/regional/indian/style_06.png,/media/catalog/wardrobe_browse/women_indian_06.webp,GET /catalog/wardrobe_browse,gender=women&tab=indian
women_indian_07,wardrobe_browse,wardrobeBrowseTitle,women,indian,7,assets/images/home/women/wardrobe/regional/indian/style_07.png,/media/catalog/wardrobe_browse/women_indian_07.webp,GET /catalog/wardrobe_browse,gender=women&tab=indian
women_indian_08,wardrobe_browse,wardrobeBrowseTitle,women,indian,8,assets/images/home/women/wardrobe/regional/indian/style_08.png,/media/catalog/wardrobe_browse/women_indian_08.webp,GET /catalog/wardrobe_browse,gender=women&tab=indian
women_indian_09,wardrobe_browse,wardrobeBrowseTitle,women,indian,9,assets/images/home/women/wardrobe/regional/indian/style_09.png,/media/catalog/wardrobe_browse/women_indian_09.webp,GET /catalog/wardrobe_browse,gender=women&tab=indian
women_indian_10,wardrobe_browse,wardrobeBrowseTitle,women,indian,10,assets/images/home/women/wardrobe/regional/indian/style_10.png,/media/catalog/wardrobe_browse/women_indian_10.webp,GET /catalog/wardrobe_browse,gender=women&tab=indian
women_indian_11,wardrobe_browse,wardrobeBrowseTitle,women,indian,11,assets/images/home/women/wardrobe/regional/indian/style_11.png,/media/catalog/wardrobe_browse/women_indian_11.webp,GET /catalog/wardrobe_browse,gender=women&tab=indian
women_indian_12,wardrobe_browse,wardrobeBrowseTitle,women,indian,12,assets/images/home/women/wardrobe/regional/indian/style_12.png,/media/catalog/wardrobe_browse/women_indian_12.webp,GET /catalog/wardrobe_browse,gender=women&tab=indian
women_indian_13,wardrobe_browse,wardrobeBrowseTitle,women,indian,13,assets/images/home/women/wardrobe/regional/indian/style_13.png,/media/catalog/wardrobe_browse/women_indian_13.webp,GET /catalog/wardrobe_browse,gender=women&tab=indian
women_indian_14,wardrobe_browse,wardrobeBrowseTitle,women,indian,14,assets/images/home/women/wardrobe/regional/indian/style_14.png,/media/catalog/wardrobe_browse/women_indian_14.webp,GET /catalog/wardrobe_browse,gender=women&tab=indian
women_indian_15,wardrobe_browse,wardrobeBrowseTitle,women,indian,15,assets/images/home/women/wardrobe/regional/indian/style_15.png,/media/catalog/wardrobe_browse/women_indian_15.webp,GET /catalog/wardrobe_browse,gender=women&tab=indian
women_jackets_01,wardrobe_browse,wardrobeBrowseTitle,women,jackets,1,assets/images/home/women/wardrobe/garments/jackets/style_01.png,/media/catalog/wardrobe_browse/women_jackets_01.webp,GET /catalog/wardrobe_browse,gender=women&tab=jackets
women_jackets_02,wardrobe_browse,wardrobeBrowseTitle,women,jackets,2,assets/images/home/women/wardrobe/garments/jackets/style_02.png,/media/catalog/wardrobe_browse/women_jackets_02.webp,GET /catalog/wardrobe_browse,gender=women&tab=jackets
women_jackets_03,wardrobe_browse,wardrobeBrowseTitle,women,jackets,3,assets/images/home/women/wardrobe/garments/jackets/style_03.png,/media/catalog/wardrobe_browse/women_jackets_03.webp,GET /catalog/wardrobe_browse,gender=women&tab=jackets
women_jackets_04,wardrobe_browse,wardrobeBrowseTitle,women,jackets,4,assets/images/home/women/wardrobe/garments/jackets/style_04.png,/media/catalog/wardrobe_browse/women_jackets_04.webp,GET /catalog/wardrobe_browse,gender=women&tab=jackets
women_jackets_05,wardrobe_browse,wardrobeBrowseTitle,women,jackets,5,assets/images/home/women/wardrobe/garments/jackets/style_05.png,/media/catalog/wardrobe_browse/women_jackets_05.webp,GET /catalog/wardrobe_browse,gender=women&tab=jackets
women_jackets_06,wardrobe_browse,wardrobeBrowseTitle,women,jackets,6,assets/images/home/women/wardrobe/garments/jackets/style_06.png,/media/catalog/wardrobe_browse/women_jackets_06.webp,GET /catalog/wardrobe_browse,gender=women&tab=jackets
women_jackets_07,wardrobe_browse,wardrobeBrowseTitle,women,jackets,7,assets/images/home/women/wardrobe/garments/jackets/style_07.png,/media/catalog/wardrobe_browse/women_jackets_07.webp,GET /catalog/wardrobe_browse,gender=women&tab=jackets
women_jackets_08,wardrobe_browse,wardrobeBrowseTitle,women,jackets,8,assets/images/home/women/wardrobe/garments/jackets/style_08.png,/media/catalog/wardrobe_browse/women_jackets_08.webp,GET /catalog/wardrobe_browse,gender=women&tab=jackets
women_jackets_09,wardrobe_browse,wardrobeBrowseTitle,women,jackets,9,assets/images/home/women/wardrobe/garments/jackets/style_09.png,/media/catalog/wardrobe_browse/women_jackets_09.webp,GET /catalog/wardrobe_browse,gender=women&tab=jackets
women_jackets_10,wardrobe_browse,wardrobeBrowseTitle,women,jackets,10,assets/images/home/women/wardrobe/garments/jackets/style_10.png,/media/catalog/wardrobe_browse/women_jackets_10.webp,GET /catalog/wardrobe_browse,gender=women&tab=jackets
women_jackets_11,wardrobe_browse,wardrobeBrowseTitle,women,jackets,11,assets/images/home/women/wardrobe/garments/jackets/style_11.png,/media/catalog/wardrobe_browse/women_jackets_11.webp,GET /catalog/wardrobe_browse,gender=women&tab=jackets
women_jackets_12,wardrobe_browse,wardrobeBrowseTitle,women,jackets,12,assets/images/home/women/wardrobe/garments/jackets/style_12.png,/media/catalog/wardrobe_browse/women_jackets_12.webp,GET /catalog/wardrobe_browse,gender=women&tab=jackets
women_jackets_13,wardrobe_browse,wardrobeBrowseTitle,women,jackets,13,assets/images/home/women/wardrobe/garments/jackets/style_13.png,/media/catalog/wardrobe_browse/women_jackets_13.webp,GET /catalog/wardrobe_browse,gender=women&tab=jackets
women_jackets_14,wardrobe_browse,wardrobeBrowseTitle,women,jackets,14,assets/images/home/women/wardrobe/garments/jackets/style_14.png,/media/catalog/wardrobe_browse/women_jackets_14.webp,GET /catalog/wardrobe_browse,gender=women&tab=jackets
women_jackets_15,wardrobe_browse,wardrobeBrowseTitle,women,jackets,15,assets/images/home/women/wardrobe/garments/jackets/style_15.png,/media/catalog/wardrobe_browse/women_jackets_15.webp,GET /catalog/wardrobe_browse,gender=women&tab=jackets
women_jackets_16,wardrobe_browse,wardrobeBrowseTitle,women,jackets,16,assets/images/home/women/wardrobe/garments/jackets/style_16.png,/media/catalog/wardrobe_browse/women_jackets_16.webp,GET /catalog/wardrobe_browse,gender=women&tab=jackets
women_jackets_17,wardrobe_browse,wardrobeBrowseTitle,women,jackets,17,assets/images/home/women/wardrobe/garments/jackets/style_17.png,/media/catalog/wardrobe_browse/women_jackets_17.webp,GET /catalog/wardrobe_browse,gender=women&tab=jackets
women_jackets_18,wardrobe_browse,wardrobeBrowseTitle,women,jackets,18,assets/images/home/women/wardrobe/garments/jackets/style_18.png,/media/catalog/wardrobe_browse/women_jackets_18.webp,GET /catalog/wardrobe_browse,gender=women&tab=jackets
women_jackets_19,wardrobe_browse,wardrobeBrowseTitle,women,jackets,19,assets/images/home/women/wardrobe/garments/jackets/style_19.png,/media/catalog/wardrobe_browse/women_jackets_19.webp,GET /catalog/wardrobe_browse,gender=women&tab=jackets
women_jackets_20,wardrobe_browse,wardrobeBrowseTitle,women,jackets,20,assets/images/home/women/wardrobe/garments/jackets/style_20.png,/media/catalog/wardrobe_browse/women_jackets_20.webp,GET /catalog/wardrobe_browse,gender=women&tab=jackets
women_jackets_21,wardrobe_browse,wardrobeBrowseTitle,women,jackets,21,assets/images/home/women/wardrobe/garments/jackets/style_21.png,/media/catalog/wardrobe_browse/women_jackets_21.webp,GET /catalog/wardrobe_browse,gender=women&tab=jackets
women_korean_01,wardrobe_browse,wardrobeBrowseTitle,women,korean,1,assets/images/home/women/wardrobe/regional/korean/style_01.png,/media/catalog/wardrobe_browse/women_korean_01.webp,GET /catalog/wardrobe_browse,gender=women&tab=korean
women_korean_02,wardrobe_browse,wardrobeBrowseTitle,women,korean,2,assets/images/home/women/wardrobe/regional/korean/style_02.png,/media/catalog/wardrobe_browse/women_korean_02.webp,GET /catalog/wardrobe_browse,gender=women&tab=korean
women_korean_03,wardrobe_browse,wardrobeBrowseTitle,women,korean,3,assets/images/home/women/wardrobe/regional/korean/style_03.png,/media/catalog/wardrobe_browse/women_korean_03.webp,GET /catalog/wardrobe_browse,gender=women&tab=korean
women_korean_04,wardrobe_browse,wardrobeBrowseTitle,women,korean,4,assets/images/home/women/wardrobe/regional/korean/style_04.png,/media/catalog/wardrobe_browse/women_korean_04.webp,GET /catalog/wardrobe_browse,gender=women&tab=korean
women_korean_05,wardrobe_browse,wardrobeBrowseTitle,women,korean,5,assets/images/home/women/wardrobe/regional/korean/style_05.png,/media/catalog/wardrobe_browse/women_korean_05.webp,GET /catalog/wardrobe_browse,gender=women&tab=korean
women_korean_06,wardrobe_browse,wardrobeBrowseTitle,women,korean,6,assets/images/home/women/wardrobe/regional/korean/style_06.png,/media/catalog/wardrobe_browse/women_korean_06.webp,GET /catalog/wardrobe_browse,gender=women&tab=korean
women_korean_07,wardrobe_browse,wardrobeBrowseTitle,women,korean,7,assets/images/home/women/wardrobe/regional/korean/style_07.png,/media/catalog/wardrobe_browse/women_korean_07.webp,GET /catalog/wardrobe_browse,gender=women&tab=korean
women_korean_08,wardrobe_browse,wardrobeBrowseTitle,women,korean,8,assets/images/home/women/wardrobe/regional/korean/style_08.png,/media/catalog/wardrobe_browse/women_korean_08.webp,GET /catalog/wardrobe_browse,gender=women&tab=korean
women_korean_09,wardrobe_browse,wardrobeBrowseTitle,women,korean,9,assets/images/home/women/wardrobe/regional/korean/style_09.png,/media/catalog/wardrobe_browse/women_korean_09.webp,GET /catalog/wardrobe_browse,gender=women&tab=korean
women_korean_10,wardrobe_browse,wardrobeBrowseTitle,women,korean,10,assets/images/home/women/wardrobe/regional/korean/style_10.png,/media/catalog/wardrobe_browse/women_korean_10.webp,GET /catalog/wardrobe_browse,gender=women&tab=korean
women_korean_11,wardrobe_browse,wardrobeBrowseTitle,women,korean,11,assets/images/home/women/wardrobe/regional/korean/style_11.png,/media/catalog/wardrobe_browse/women_korean_11.webp,GET /catalog/wardrobe_browse,gender=women&tab=korean
women_korean_12,wardrobe_browse,wardrobeBrowseTitle,women,korean,12,assets/images/home/women/wardrobe/regional/korean/style_12.png,/media/catalog/wardrobe_browse/women_korean_12.webp,GET /catalog/wardrobe_browse,gender=women&tab=korean
women_korean_13,wardrobe_browse,wardrobeBrowseTitle,women,korean,13,assets/images/home/women/wardrobe/regional/korean/style_13.png,/media/catalog/wardrobe_browse/women_korean_13.webp,GET /catalog/wardrobe_browse,gender=women&tab=korean
women_pakistani_01,wardrobe_browse,wardrobeBrowseTitle,women,pakistani,1,assets/images/home/women/wardrobe/regional/pakistani/style_01.png,/media/catalog/wardrobe_browse/women_pakistani_01.webp,GET /catalog/wardrobe_browse,gender=women&tab=pakistani
women_pakistani_02,wardrobe_browse,wardrobeBrowseTitle,women,pakistani,2,assets/images/home/women/wardrobe/regional/pakistani/style_02.png,/media/catalog/wardrobe_browse/women_pakistani_02.webp,GET /catalog/wardrobe_browse,gender=women&tab=pakistani
women_pakistani_03,wardrobe_browse,wardrobeBrowseTitle,women,pakistani,3,assets/images/home/women/wardrobe/regional/pakistani/style_03.png,/media/catalog/wardrobe_browse/women_pakistani_03.webp,GET /catalog/wardrobe_browse,gender=women&tab=pakistani
women_pakistani_04,wardrobe_browse,wardrobeBrowseTitle,women,pakistani,4,assets/images/home/women/wardrobe/regional/pakistani/style_04.png,/media/catalog/wardrobe_browse/women_pakistani_04.webp,GET /catalog/wardrobe_browse,gender=women&tab=pakistani
women_pakistani_05,wardrobe_browse,wardrobeBrowseTitle,women,pakistani,5,assets/images/home/women/wardrobe/regional/pakistani/style_05.png,/media/catalog/wardrobe_browse/women_pakistani_05.webp,GET /catalog/wardrobe_browse,gender=women&tab=pakistani
women_pakistani_06,wardrobe_browse,wardrobeBrowseTitle,women,pakistani,6,assets/images/home/women/wardrobe/regional/pakistani/style_06.png,/media/catalog/wardrobe_browse/women_pakistani_06.webp,GET /catalog/wardrobe_browse,gender=women&tab=pakistani
women_pakistani_07,wardrobe_browse,wardrobeBrowseTitle,women,pakistani,7,assets/images/home/women/wardrobe/regional/pakistani/style_07.png,/media/catalog/wardrobe_browse/women_pakistani_07.webp,GET /catalog/wardrobe_browse,gender=women&tab=pakistani
women_pakistani_08,wardrobe_browse,wardrobeBrowseTitle,women,pakistani,8,assets/images/home/women/wardrobe/regional/pakistani/style_08.png,/media/catalog/wardrobe_browse/women_pakistani_08.webp,GET /catalog/wardrobe_browse,gender=women&tab=pakistani
women_pakistani_09,wardrobe_browse,wardrobeBrowseTitle,women,pakistani,9,assets/images/home/women/wardrobe/regional/pakistani/style_09.png,/media/catalog/wardrobe_browse/women_pakistani_09.webp,GET /catalog/wardrobe_browse,gender=women&tab=pakistani
women_pakistani_10,wardrobe_browse,wardrobeBrowseTitle,women,pakistani,10,assets/images/home/women/wardrobe/regional/pakistani/style_10.png,/media/catalog/wardrobe_browse/women_pakistani_10.webp,GET /catalog/wardrobe_browse,gender=women&tab=pakistani
women_pakistani_11,wardrobe_browse,wardrobeBrowseTitle,women,pakistani,11,assets/images/home/women/wardrobe/regional/pakistani/style_11.png,/media/catalog/wardrobe_browse/women_pakistani_11.webp,GET /catalog/wardrobe_browse,gender=women&tab=pakistani
women_pakistani_12,wardrobe_browse,wardrobeBrowseTitle,women,pakistani,12,assets/images/home/women/wardrobe/regional/pakistani/style_12.png,/media/catalog/wardrobe_browse/women_pakistani_12.webp,GET /catalog/wardrobe_browse,gender=women&tab=pakistani
women_pakistani_13,wardrobe_browse,wardrobeBrowseTitle,women,pakistani,13,assets/images/home/women/wardrobe/regional/pakistani/style_13.png,/media/catalog/wardrobe_browse/women_pakistani_13.webp,GET /catalog/wardrobe_browse,gender=women&tab=pakistani
women_pakistani_14,wardrobe_browse,wardrobeBrowseTitle,women,pakistani,14,assets/images/home/women/wardrobe/regional/pakistani/style_14.png,/media/catalog/wardrobe_browse/women_pakistani_14.webp,GET /catalog/wardrobe_browse,gender=women&tab=pakistani
women_pakistani_15,wardrobe_browse,wardrobeBrowseTitle,women,pakistani,15,assets/images/home/women/wardrobe/regional/pakistani/style_15.png,/media/catalog/wardrobe_browse/women_pakistani_15.webp,GET /catalog/wardrobe_browse,gender=women&tab=pakistani
women_pakistani_16,wardrobe_browse,wardrobeBrowseTitle,women,pakistani,16,assets/images/home/women/wardrobe/regional/pakistani/style_16.png,/media/catalog/wardrobe_browse/women_pakistani_16.webp,GET /catalog/wardrobe_browse,gender=women&tab=pakistani
women_pakistani_17,wardrobe_browse,wardrobeBrowseTitle,women,pakistani,17,assets/images/home/women/wardrobe/regional/pakistani/style_17.png,/media/catalog/wardrobe_browse/women_pakistani_17.webp,GET /catalog/wardrobe_browse,gender=women&tab=pakistani
women_pakistani_18,wardrobe_browse,wardrobeBrowseTitle,women,pakistani,18,assets/images/home/women/wardrobe/regional/pakistani/style_18.png,/media/catalog/wardrobe_browse/women_pakistani_18.webp,GET /catalog/wardrobe_browse,gender=women&tab=pakistani
women_shirts_01,wardrobe_browse,wardrobeBrowseTitle,women,shirts,1,assets/images/home/women/wardrobe/garments/shirts/style_01.png,/media/catalog/wardrobe_browse/women_shirts_01.webp,GET /catalog/wardrobe_browse,gender=women&tab=shirts
women_shirts_02,wardrobe_browse,wardrobeBrowseTitle,women,shirts,2,assets/images/home/women/wardrobe/garments/shirts/style_02.png,/media/catalog/wardrobe_browse/women_shirts_02.webp,GET /catalog/wardrobe_browse,gender=women&tab=shirts
women_shirts_03,wardrobe_browse,wardrobeBrowseTitle,women,shirts,3,assets/images/home/women/wardrobe/garments/shirts/style_03.png,/media/catalog/wardrobe_browse/women_shirts_03.webp,GET /catalog/wardrobe_browse,gender=women&tab=shirts
women_shirts_04,wardrobe_browse,wardrobeBrowseTitle,women,shirts,4,assets/images/home/women/wardrobe/garments/shirts/style_04.png,/media/catalog/wardrobe_browse/women_shirts_04.webp,GET /catalog/wardrobe_browse,gender=women&tab=shirts
women_shirts_05,wardrobe_browse,wardrobeBrowseTitle,women,shirts,5,assets/images/home/women/wardrobe/garments/shirts/style_05.png,/media/catalog/wardrobe_browse/women_shirts_05.webp,GET /catalog/wardrobe_browse,gender=women&tab=shirts
women_shirts_06,wardrobe_browse,wardrobeBrowseTitle,women,shirts,6,assets/images/home/women/wardrobe/garments/shirts/style_06.png,/media/catalog/wardrobe_browse/women_shirts_06.webp,GET /catalog/wardrobe_browse,gender=women&tab=shirts
women_shirts_07,wardrobe_browse,wardrobeBrowseTitle,women,shirts,7,assets/images/home/women/wardrobe/garments/shirts/style_07.png,/media/catalog/wardrobe_browse/women_shirts_07.webp,GET /catalog/wardrobe_browse,gender=women&tab=shirts
women_shirts_08,wardrobe_browse,wardrobeBrowseTitle,women,shirts,8,assets/images/home/women/wardrobe/garments/shirts/style_08.png,/media/catalog/wardrobe_browse/women_shirts_08.webp,GET /catalog/wardrobe_browse,gender=women&tab=shirts
women_shirts_09,wardrobe_browse,wardrobeBrowseTitle,women,shirts,9,assets/images/home/women/wardrobe/garments/shirts/style_09.png,/media/catalog/wardrobe_browse/women_shirts_09.webp,GET /catalog/wardrobe_browse,gender=women&tab=shirts
women_shirts_10,wardrobe_browse,wardrobeBrowseTitle,women,shirts,10,assets/images/home/women/wardrobe/garments/shirts/style_10.png,/media/catalog/wardrobe_browse/women_shirts_10.webp,GET /catalog/wardrobe_browse,gender=women&tab=shirts
women_skirts_01,wardrobe_browse,wardrobeBrowseTitle,women,skirts,1,assets/images/home/women/wardrobe/garments/skirts/style_01.png,/media/catalog/wardrobe_browse/women_skirts_01.webp,GET /catalog/wardrobe_browse,gender=women&tab=skirts
women_skirts_02,wardrobe_browse,wardrobeBrowseTitle,women,skirts,2,assets/images/home/women/wardrobe/garments/skirts/style_02.png,/media/catalog/wardrobe_browse/women_skirts_02.webp,GET /catalog/wardrobe_browse,gender=women&tab=skirts
women_skirts_03,wardrobe_browse,wardrobeBrowseTitle,women,skirts,3,assets/images/home/women/wardrobe/garments/skirts/style_03.png,/media/catalog/wardrobe_browse/women_skirts_03.webp,GET /catalog/wardrobe_browse,gender=women&tab=skirts
women_skirts_04,wardrobe_browse,wardrobeBrowseTitle,women,skirts,4,assets/images/home/women/wardrobe/garments/skirts/style_04.png,/media/catalog/wardrobe_browse/women_skirts_04.webp,GET /catalog/wardrobe_browse,gender=women&tab=skirts
women_skirts_05,wardrobe_browse,wardrobeBrowseTitle,women,skirts,5,assets/images/home/women/wardrobe/garments/skirts/style_05.png,/media/catalog/wardrobe_browse/women_skirts_05.webp,GET /catalog/wardrobe_browse,gender=women&tab=skirts
women_skirts_06,wardrobe_browse,wardrobeBrowseTitle,women,skirts,6,assets/images/home/women/wardrobe/garments/skirts/style_06.png,/media/catalog/wardrobe_browse/women_skirts_06.webp,GET /catalog/wardrobe_browse,gender=women&tab=skirts
women_skirts_07,wardrobe_browse,wardrobeBrowseTitle,women,skirts,7,assets/images/home/women/wardrobe/garments/skirts/style_07.png,/media/catalog/wardrobe_browse/women_skirts_07.webp,GET /catalog/wardrobe_browse,gender=women&tab=skirts
women_skirts_08,wardrobe_browse,wardrobeBrowseTitle,women,skirts,8,assets/images/home/women/wardrobe/garments/skirts/style_08.png,/media/catalog/wardrobe_browse/women_skirts_08.webp,GET /catalog/wardrobe_browse,gender=women&tab=skirts
women_skirts_09,wardrobe_browse,wardrobeBrowseTitle,women,skirts,9,assets/images/home/women/wardrobe/garments/skirts/style_09.png,/media/catalog/wardrobe_browse/women_skirts_09.webp,GET /catalog/wardrobe_browse,gender=women&tab=skirts
women_skirts_10,wardrobe_browse,wardrobeBrowseTitle,women,skirts,10,assets/images/home/women/wardrobe/garments/skirts/style_10.png,/media/catalog/wardrobe_browse/women_skirts_10.webp,GET /catalog/wardrobe_browse,gender=women&tab=skirts
women_skirts_11,wardrobe_browse,wardrobeBrowseTitle,women,skirts,11,assets/images/home/women/wardrobe/garments/skirts/style_11.png,/media/catalog/wardrobe_browse/women_skirts_11.webp,GET /catalog/wardrobe_browse,gender=women&tab=skirts
women_skirts_12,wardrobe_browse,wardrobeBrowseTitle,women,skirts,12,assets/images/home/women/wardrobe/garments/skirts/style_12.png,/media/catalog/wardrobe_browse/women_skirts_12.webp,GET /catalog/wardrobe_browse,gender=women&tab=skirts
women_skirts_13,wardrobe_browse,wardrobeBrowseTitle,women,skirts,13,assets/images/home/women/wardrobe/garments/skirts/style_13.png,/media/catalog/wardrobe_browse/women_skirts_13.webp,GET /catalog/wardrobe_browse,gender=women&tab=skirts
women_skirts_14,wardrobe_browse,wardrobeBrowseTitle,women,skirts,14,assets/images/home/women/wardrobe/garments/skirts/style_14.png,/media/catalog/wardrobe_browse/women_skirts_14.webp,GET /catalog/wardrobe_browse,gender=women&tab=skirts
women_skirts_15,wardrobe_browse,wardrobeBrowseTitle,women,skirts,15,assets/images/home/women/wardrobe/garments/skirts/style_15.png,/media/catalog/wardrobe_browse/women_skirts_15.webp,GET /catalog/wardrobe_browse,gender=women&tab=skirts
women_skirts_16,wardrobe_browse,wardrobeBrowseTitle,women,skirts,16,assets/images/home/women/wardrobe/garments/skirts/style_16.png,/media/catalog/wardrobe_browse/women_skirts_16.webp,GET /catalog/wardrobe_browse,gender=women&tab=skirts
women_tops_01,wardrobe_browse,wardrobeBrowseTitle,women,tops,1,assets/images/home/women/wardrobe/garments/tops/style_01.png,/media/catalog/wardrobe_browse/women_tops_01.webp,GET /catalog/wardrobe_browse,gender=women&tab=tops
women_tops_02,wardrobe_browse,wardrobeBrowseTitle,women,tops,2,assets/images/home/women/wardrobe/garments/tops/style_02.png,/media/catalog/wardrobe_browse/women_tops_02.webp,GET /catalog/wardrobe_browse,gender=women&tab=tops
women_tops_03,wardrobe_browse,wardrobeBrowseTitle,women,tops,3,assets/images/home/women/wardrobe/garments/tops/style_03.png,/media/catalog/wardrobe_browse/women_tops_03.webp,GET /catalog/wardrobe_browse,gender=women&tab=tops
women_tops_04,wardrobe_browse,wardrobeBrowseTitle,women,tops,4,assets/images/home/women/wardrobe/garments/tops/style_04.png,/media/catalog/wardrobe_browse/women_tops_04.webp,GET /catalog/wardrobe_browse,gender=women&tab=tops
women_tops_05,wardrobe_browse,wardrobeBrowseTitle,women,tops,5,assets/images/home/women/wardrobe/garments/tops/style_05.png,/media/catalog/wardrobe_browse/women_tops_05.webp,GET /catalog/wardrobe_browse,gender=women&tab=tops
women_tops_06,wardrobe_browse,wardrobeBrowseTitle,women,tops,6,assets/images/home/women/wardrobe/garments/tops/style_06.png,/media/catalog/wardrobe_browse/women_tops_06.webp,GET /catalog/wardrobe_browse,gender=women&tab=tops
women_tops_07,wardrobe_browse,wardrobeBrowseTitle,women,tops,7,assets/images/home/women/wardrobe/garments/tops/style_07.png,/media/catalog/wardrobe_browse/women_tops_07.webp,GET /catalog/wardrobe_browse,gender=women&tab=tops
women_tops_08,wardrobe_browse,wardrobeBrowseTitle,women,tops,8,assets/images/home/women/wardrobe/garments/tops/style_08.png,/media/catalog/wardrobe_browse/women_tops_08.webp,GET /catalog/wardrobe_browse,gender=women&tab=tops
women_tops_09,wardrobe_browse,wardrobeBrowseTitle,women,tops,9,assets/images/home/women/wardrobe/garments/tops/style_09.png,/media/catalog/wardrobe_browse/women_tops_09.webp,GET /catalog/wardrobe_browse,gender=women&tab=tops
women_tops_10,wardrobe_browse,wardrobeBrowseTitle,women,tops,10,assets/images/home/women/wardrobe/garments/tops/style_10.png,/media/catalog/wardrobe_browse/women_tops_10.webp,GET /catalog/wardrobe_browse,gender=women&tab=tops
women_tops_11,wardrobe_browse,wardrobeBrowseTitle,women,tops,11,assets/images/home/women/wardrobe/garments/tops/style_11.png,/media/catalog/wardrobe_browse/women_tops_11.webp,GET /catalog/wardrobe_browse,gender=women&tab=tops
